open_price,high_price,low_price,close_price,volume,start_time,end_time
61670.3,61733.0,61527.2,61577.3,33790954.777799964,2024-08-09 03:30:00.042900,2024-08-09 03:32:00.042900
61577.4,61695.5,61577.4,61617.0,11108978.485600008,2024-08-09 03:32:00.087700,2024-08-09 03:34:00.087700
61617.1,61684.0,61546.3,61619.8,10748280.464500023,2024-08-09 03:34:00.202500,2024-08-09 03:36:00.202500
61619.8,61684.4,61526.0,61576.1,17726972.12800001,2024-08-09 03:36:00.207100,2024-08-09 03:38:00.207100
61576.1,61576.1,61415.7,61421.0,26218361.121499896,2024-08-09 03:38:00.554400,2024-08-09 03:40:00.554400
61420.9,61475.7,61353.0,61400.0,34782966.635799915,2024-08-09 03:40:00.636200,2024-08-09 03:42:00.636200
61399.9,61460.3,61305.7,61460.3,25197446.382099878,2024-08-09 03:42:00.911600,2024-08-09 03:44:00.911600
61460.3,61510.7,61440.2,61493.7,12990038.54880011,2024-08-09 03:44:01.051300,2024-08-09 03:46:01.051300
61493.7,61514.1,61421.3,61505.8,17545167.352100044,2024-08-09 03:46:01.171500,2024-08-09 03:48:01.171500
61505.8,61614.3,61505.7,61541.8,16650243.598599967,2024-08-09 03:48:01.231000,2024-08-09 03:50:01.231000
61541.7,61601.6,61509.2,61555.5,8755190.6368,2024-08-09 03:50:01.871700,2024-08-09 03:52:01.871700
61555.4,61617.7,61500.0,61519.7,11365999.404300023,2024-08-09 03:52:02.152800,2024-08-09 03:54:02.152800
61519.7,61530.1,61389.6,61480.1,7921285.840800013,2024-08-09 03:54:02.176600,2024-08-09 03:56:02.176600
61476.2,61481.8,61406.0,61460.2,4506890.877100004,2024-08-09 03:56:02.435300,2024-08-09 03:58:02.435300
61460.2,61549.5,61446.1,61502.1,9042567.302700005,2024-08-09 03:58:02.523100,2024-08-09 04:00:02.523100
61502.0,61632.7,61500.5,61616.0,17366017.55189996,2024-08-09 04:00:02.644800,2024-08-09 04:02:02.644800
61616.0,61659.9,61437.0,61513.0,15076962.289600011,2024-08-09 04:02:02.705600,2024-08-09 04:04:02.705600
61513.1,61580.2,61500.1,61550.0,6532419.458899998,2024-08-09 04:04:02.885900,2024-08-09 04:06:02.885900
61550.0,61573.4,61448.0,61510.0,4886028.946100003,2024-08-09 04:06:02.975800,2024-08-09 04:08:02.975800
61510.0,61525.0,61348.7,61486.2,25025322.322500113,2024-08-09 04:08:03.362700,2024-08-09 04:10:03.362700
61489.2,61518.5,61309.5,61337.6,21685696.860100027,2024-08-09 04:10:03.364400,2024-08-09 04:12:03.364400
61337.5,61339.9,61227.0,61310.3,24612902.96320003,2024-08-09 04:12:03.607100,2024-08-09 04:14:03.607100
61310.1,61372.2,61303.4,61314.0,7965133.974300016,2024-08-09 04:14:03.688000,2024-08-09 04:16:03.688000
61314.0,61356.0,61262.0,61320.0,9745886.731700009,2024-08-09 04:16:04.528600,2024-08-09 04:18:04.528600
61320.1,61395.3,61250.3,61385.0,7247551.999700002,2024-08-09 04:18:05.263300,2024-08-09 04:20:05.263300
61386.6,61409.7,61243.1,61265.9,25162467.028799944,2024-08-09 04:20:05.578700,2024-08-09 04:22:05.578700
61265.9,61319.5,61200.6,61319.5,18590929.57190003,2024-08-09 04:22:05.878900,2024-08-09 04:24:05.878900
61320.2,61350.9,61177.2,61185.5,15913575.59129997,2024-08-09 04:24:06.413600,2024-08-09 04:26:06.413600
61185.5,61205.7,61022.6,61186.2,39488800.275700025,2024-08-09 04:26:06.423900,2024-08-09 04:28:06.423900
61185.7,61259.3,61164.5,61172.1,13218863.19909999,2024-08-09 04:28:06.623800,2024-08-09 04:30:06.623800
61172.0,61184.1,60910.0,60990.2,41779282.06260008,2024-08-09 04:30:06.824100,2024-08-09 04:32:06.824100
60990.1,60990.2,60783.1,60793.2,42758440.6711999,2024-08-09 04:32:06.870200,2024-08-09 04:34:06.870200
60793.2,60834.7,60745.3,60821.5,25651892.720300004,2024-08-09 04:34:06.921300,2024-08-09 04:36:06.921300
60821.6,60975.5,60759.9,60975.5,20560691.57240003,2024-08-09 04:36:07.002100,2024-08-09 04:38:07.002100
60975.5,61022.0,60925.9,60961.2,17602520.084399935,2024-08-09 04:38:07.015800,2024-08-09 04:40:07.015800
60961.1,61060.0,60944.5,60959.0,16117901.564400017,2024-08-09 04:40:07.043700,2024-08-09 04:42:07.043700
60958.9,61048.3,60958.9,61048.3,10000202.219600003,2024-08-09 04:42:07.346300,2024-08-09 04:44:07.346300
61048.3,61213.8,61039.1,61125.2,28394398.540699948,2024-08-09 04:44:07.368000,2024-08-09 04:46:07.368000
61125.1,61189.8,61066.1,61111.6,12844570.458500005,2024-08-09 04:46:07.506900,2024-08-09 04:48:07.506900
61111.6,61129.1,61050.7,61110.9,7175522.564200001,2024-08-09 04:48:07.912400,2024-08-09 04:50:07.912400
61110.6,61118.5,61034.4,61100.5,5457322.60839999,2024-08-09 04:50:08.081400,2024-08-09 04:52:08.081400
61100.4,61253.5,61100.4,61215.7,13343842.388799993,2024-08-09 04:52:08.158900,2024-08-09 04:54:08.158900
61215.7,61255.5,61157.9,61232.0,7640190.006200009,2024-08-09 04:54:08.255900,2024-08-09 04:56:08.255900
61231.9,61275.0,61188.7,61194.7,8576091.090899967,2024-08-09 04:56:08.857800,2024-08-09 04:58:08.857800
61194.7,61229.9,61188.0,61222.0,4438539.887000006,2024-08-09 04:58:08.972100,2024-08-09 05:00:08.972100
61222.0,61267.9,61134.0,61231.4,8700548.988000022,2024-08-09 05:00:09.125400,2024-08-09 05:02:09.125400
61231.4,61258.6,61178.3,61178.3,4984477.522299993,2024-08-09 05:02:09.578700,2024-08-09 05:04:09.578700
61178.4,61308.2,61169.4,61295.3,7018600.360600022,2024-08-09 05:04:10.013700,2024-08-09 05:06:10.013700
61295.4,61425.0,61293.0,61410.9,15713312.463200074,2024-08-09 05:06:10.108500,2024-08-09 05:08:10.108500
61410.9,61520.0,61388.2,61444.0,18559313.557800006,2024-08-09 05:08:10.113400,2024-08-09 05:10:10.113400
61444.0,61448.7,61325.4,61347.0,12761535.17849996,2024-08-09 05:10:10.146700,2024-08-09 05:12:10.146700
61347.0,61362.2,61311.4,61348.7,4801609.845499998,2024-08-09 05:12:10.547200,2024-08-09 05:14:10.547200
61348.7,61390.9,61339.3,61352.7,6848842.415600005,2024-08-09 05:14:11.131400,2024-08-09 05:16:11.131400
61352.8,61425.1,61352.7,61368.9,5298467.139799998,2024-08-09 05:16:11.274500,2024-08-09 05:18:11.274500
61369.0,61401.1,61265.0,61298.0,8070064.469899999,2024-08-09 05:18:11.703400,2024-08-09 05:20:11.703400
61298.0,61347.6,61298.0,61310.7,2979514.9808,2024-08-09 05:20:12.026000,2024-08-09 05:22:12.026000
61310.7,61370.5,61309.3,61370.5,4128403.0923999953,2024-08-09 05:22:12.059200,2024-08-09 05:24:12.059200
61370.5,61381.4,61327.0,61347.8,3197300.5853999993,2024-08-09 05:24:12.828900,2024-08-09 05:26:12.828900
61347.7,61393.3,61338.0,61393.3,2628559.9118999965,2024-08-09 05:26:13.462300,2024-08-09 05:28:13.462300
61393.2,61393.3,61356.9,61379.8,2917153.9010000005,2024-08-09 05:28:13.469200,2024-08-09 05:30:13.469200
61379.1,61379.9,61130.0,61140.1,11695281.388099974,2024-08-09 05:30:13.506800,2024-08-09 05:32:13.506800
61140.0,61238.0,61108.4,61233.7,13335974.371399974,2024-08-09 05:32:13.650300,2024-08-09 05:34:13.650300
61234.3,61309.6,61230.0,61306.6,5541498.365600002,2024-08-09 05:34:13.651800,2024-08-09 05:36:13.651800
61306.7,61415.7,61304.3,61377.2,6824423.373200067,2024-08-09 05:36:13.985600,2024-08-09 05:38:13.985600
61377.2,61427.0,61340.0,61340.1,9021569.577299986,2024-08-09 05:38:14.512200,2024-08-09 05:40:14.512200
61340.0,61370.7,61305.0,61323.1,4265556.181199998,2024-08-09 05:40:14.708200,2024-08-09 05:42:14.708200
61324.3,61349.2,61241.7,61263.8,5963472.731499994,2024-08-09 05:42:14.708400,2024-08-09 05:44:14.708400
61263.8,61287.2,61241.6,61265.0,4585081.430200002,2024-08-09 05:44:15.756300,2024-08-09 05:46:15.756300
61265.1,61301.9,61200.0,61296.4,6913409.214999993,2024-08-09 05:46:15.923000,2024-08-09 05:48:15.923000
61296.5,61308.9,61228.0,61228.1,2441340.609399999,2024-08-09 05:48:16.063600,2024-08-09 05:50:16.063600
61228.1,61280.7,61202.9,61250.5,3447990.5007999986,2024-08-09 05:50:16.098900,2024-08-09 05:52:16.098900
61250.6,61272.7,61235.4,61251.4,2098166.1447999985,2024-08-09 05:52:16.858400,2024-08-09 05:54:16.858400
61251.4,61261.3,61225.0,61260.8,2416669.9905,2024-08-09 05:54:17.392100,2024-08-09 05:56:17.392100
61260.7,61325.8,61248.2,61267.9,3340290.708899998,2024-08-09 05:56:17.502100,2024-08-09 05:58:17.502100
61269.5,61294.0,61242.5,61258.6,3142791.650499995,2024-08-09 05:58:17.612800,2024-08-09 06:00:17.612800
61258.6,61295.3,61251.3,61257.8,1820339.092100001,2024-08-09 06:00:17.823000,2024-08-09 06:02:17.823000
61257.8,61260.9,61201.8,61209.3,2934821.9834999954,2024-08-09 06:02:18.692500,2024-08-09 06:04:18.692500
61209.2,61213.9,61129.6,61177.3,5809861.087400005,2024-08-09 06:04:18.994500,2024-08-09 06:06:18.994500
61177.2,61249.9,61177.2,61206.8,4576163.762499998,2024-08-09 06:06:19.094800,2024-08-09 06:08:19.094800
61206.8,61249.0,61160.1,61248.3,2752175.2155999998,2024-08-09 06:08:20.391000,2024-08-09 06:10:20.391000
61248.3,61304.6,61239.5,61285.3,8407441.513699992,2024-08-09 06:10:20.688100,2024-08-09 06:12:20.688100
61285.2,61313.8,61266.2,61282.4,2998726.6221999982,2024-08-09 06:12:21.348400,2024-08-09 06:14:21.348400
61282.4,61349.9,61264.1,61345.4,3709238.305700003,2024-08-09 06:14:21.735600,2024-08-09 06:16:21.735600
61345.4,61388.4,61342.7,61355.6,4732834.458799997,2024-08-09 06:16:22.625900,2024-08-09 06:18:22.625900
61358.6,61404.9,61350.3,61365.8,4814787.972199991,2024-08-09 06:18:22.984200,2024-08-09 06:20:22.984200
61365.8,61414.2,61300.0,61352.1,4751653.069799987,2024-08-09 06:20:24.631000,2024-08-09 06:22:24.631000
61352.1,61352.2,61265.0,61274.8,6434309.899500007,2024-08-09 06:22:25.133500,2024-08-09 06:24:25.133500
61274.8,61275.1,61250.0,61264.0,2646072.712400002,2024-08-09 06:24:25.466500,2024-08-09 06:26:25.466500
61264.0,61264.0,61233.0,61253.4,2170914.1128999987,2024-08-09 06:26:25.770900,2024-08-09 06:28:25.770900
61253.4,61274.5,61200.0,61216.5,5803333.274500014,2024-08-09 06:28:25.806500,2024-08-09 06:30:25.806500
61216.4,61253.3,61200.0,61233.0,5102617.013100001,2024-08-09 06:30:26.109000,2024-08-09 06:32:26.109000
61233.0,61298.0,61232.9,61240.1,3682628.700599998,2024-08-09 06:32:26.223900,2024-08-09 06:34:26.223900
61240.1,61290.8,61240.0,61262.8,2307035.6496999986,2024-08-09 06:34:27.152900,2024-08-09 06:36:27.152900
61262.8,61296.1,61262.8,61290.1,2031133.6703999997,2024-08-09 06:36:28.831600,2024-08-09 06:38:28.831600
61290.0,61313.3,61257.0,61294.1,2702739.1516999993,2024-08-09 06:38:29.734600,2024-08-09 06:40:29.734600
61294.5,61350.0,61294.5,61340.3,1889556.8494000006,2024-08-09 06:40:30.645500,2024-08-09 06:42:30.645500
61340.4,61343.9,61271.7,61274.1,4385441.1066999985,2024-08-09 06:42:31.181700,2024-08-09 06:44:31.181700
61274.0,61320.7,61267.7,61306.3,3701858.7096999977,2024-08-09 06:44:31.969100,2024-08-09 06:46:31.969100
61306.0,61400.0,61286.4,61400.0,4564347.531100009,2024-08-09 06:46:32.134100,2024-08-09 06:48:32.134100
61400.0,61450.5,61386.8,61414.3,8650613.285799991,2024-08-09 06:48:32.268800,2024-08-09 06:50:32.268800
61414.4,61473.8,61398.6,61455.1,5845323.214800004,2024-08-09 06:50:32.292100,2024-08-09 06:52:32.292100
61455.1,61546.5,61418.8,61419.7,11610463.783099998,2024-08-09 06:52:32.952800,2024-08-09 06:54:32.952800
61419.8,61435.4,61371.2,61381.8,6150308.336300004,2024-08-09 06:54:33.255500,2024-08-09 06:56:33.255500
61381.7,61381.7,61322.5,61360.5,3511772.2777999965,2024-08-09 06:56:33.275700,2024-08-09 06:58:33.275700
61360.5,61406.0,61344.0,61396.8,2739447.1905000005,2024-08-09 06:58:33.480500,2024-08-09 07:00:33.480500
61396.8,61476.9,61376.0,61389.9,6063244.3860000055,2024-08-09 07:00:33.874100,2024-08-09 07:02:33.874100
61392.7,61397.8,61350.0,61356.8,1844461.1378000018,2024-08-09 07:02:33.876600,2024-08-09 07:04:33.876600
61356.7,61356.8,61243.8,61243.8,10747558.957999973,2024-08-09 07:04:33.896600,2024-08-09 07:06:33.896600
61243.6,61260.4,61201.5,61235.9,11865326.882400006,2024-08-09 07:06:34.286600,2024-08-09 07:08:34.286600
61237.6,61259.7,61212.0,61217.0,2211012.376899998,2024-08-09 07:08:34.822400,2024-08-09 07:10:34.822400
61217.0,61243.5,61172.7,61185.0,6868876.661999995,2024-08-09 07:10:35.068900,2024-08-09 07:12:35.068900
61184.9,61191.5,61140.0,61186.0,5660573.962699989,2024-08-09 07:12:36.114200,2024-08-09 07:14:36.114200
61186.0,61237.8,61176.7,61205.3,6259425.006499996,2024-08-09 07:14:36.242200,2024-08-09 07:16:36.242200
61206.0,61249.2,61202.0,61242.6,3399876.040499998,2024-08-09 07:16:36.326100,2024-08-09 07:18:36.326100
61242.9,61266.2,61242.8,61251.2,1542168.8442999998,2024-08-09 07:18:36.912300,2024-08-09 07:20:36.912300
61251.2,61335.7,61214.8,61309.6,5899801.343300004,2024-08-09 07:20:37.199100,2024-08-09 07:22:37.199100
61309.7,61315.9,61267.4,61297.2,6305685.829400001,2024-08-09 07:22:38.262000,2024-08-09 07:24:38.262000
61297.1,61326.3,61285.7,61314.2,4050921.8209000016,2024-08-09 07:24:38.479700,2024-08-09 07:26:38.479700
61315.9,61320.1,61292.4,61303.0,1170994.5672000002,2024-08-09 07:26:39.699600,2024-08-09 07:28:39.699600
61303.1,61363.4,61272.8,61309.7,4029213.7900999994,2024-08-09 07:28:39.923200,2024-08-09 07:30:39.923200
61309.8,61313.0,61204.1,61204.1,5572619.098099998,2024-08-09 07:30:39.926200,2024-08-09 07:32:39.926200
61204.1,61239.9,61176.3,61188.6,4306404.166700002,2024-08-09 07:32:40.030000,2024-08-09 07:34:40.030000
61188.6,61243.1,61186.8,61243.0,4048999.4534999975,2024-08-09 07:34:40.933600,2024-08-09 07:36:40.933600
61243.0,61305.0,61214.9,61233.9,5181160.495800001,2024-08-09 07:36:41.935800,2024-08-09 07:38:41.935800
61233.9,61362.2,61225.6,61353.9,2832573.922199999,2024-08-09 07:38:42.174900,2024-08-09 07:40:42.174900
61353.9,61353.9,61296.0,61320.0,4076458.411999997,2024-08-09 07:40:42.251000,2024-08-09 07:42:42.251000
61320.1,61320.1,61199.3,61203.0,4799206.951099999,2024-08-09 07:42:42.268200,2024-08-09 07:44:42.268200
61203.0,61210.0,61102.3,61194.0,13507997.686800038,2024-08-09 07:44:42.293300,2024-08-09 07:46:42.293300
61193.9,61326.1,61178.0,61300.1,4137881.914699999,2024-08-09 07:46:42.416600,2024-08-09 07:48:42.416600
61300.0,61314.3,61237.6,61274.4,3144105.6329000015,2024-08-09 07:48:42.598900,2024-08-09 07:50:42.598900
61274.4,61280.0,61200.0,61201.2,2050445.908800001,2024-08-09 07:50:43.186700,2024-08-09 07:52:43.186700
61201.2,61203.7,61140.0,61141.5,7983263.190200003,2024-08-09 07:52:43.234800,2024-08-09 07:54:43.234800
61141.5,61185.1,61114.5,61130.9,5117120.622399996,2024-08-09 07:54:43.293000,2024-08-09 07:56:43.293000
61130.0,61130.1,61000.9,61012.6,19439405.11070003,2024-08-09 07:56:43.627000,2024-08-09 07:58:43.627000
61012.7,61020.1,60939.9,61007.1,22439952.196499977,2024-08-09 07:58:43.646900,2024-08-09 08:00:43.646900
61009.5,61057.0,61009.5,61034.7,8531963.197599998,2024-08-09 08:00:43.690700,2024-08-09 08:02:43.690700
61034.7,61087.6,61034.7,61067.0,4839819.796600007,2024-08-09 08:02:43.724200,2024-08-09 08:04:43.724200
61067.0,61123.0,61050.0,61050.1,7742303.048899997,2024-08-09 08:04:43.858700,2024-08-09 08:06:43.858700
61050.0,61055.0,61001.0,61003.7,6107633.913300004,2024-08-09 08:06:43.981400,2024-08-09 08:08:43.981400
61003.7,61012.8,60900.0,60941.0,11253045.0521,2024-08-09 08:08:44.190400,2024-08-09 08:10:44.190400
60941.0,60989.7,60903.2,60909.8,13031612.287499953,2024-08-09 08:10:44.656300,2024-08-09 08:12:44.656300
60909.8,60970.0,60850.0,60970.0,14794484.735599993,2024-08-09 08:12:44.692600,2024-08-09 08:14:44.692600
60969.9,60979.9,60846.0,60870.6,7000122.796299991,2024-08-09 08:14:44.835500,2024-08-09 08:16:44.835500
60870.6,60875.0,60801.0,60831.5,14028891.532399993,2024-08-09 08:16:45.002200,2024-08-09 08:18:45.002200
60831.6,60890.0,60803.5,60878.9,11127219.366200015,2024-08-09 08:18:45.054200,2024-08-09 08:20:45.054200
60878.9,60878.9,60705.4,60741.7,15878266.03239999,2024-08-09 08:20:45.717300,2024-08-09 08:22:45.717300
60741.8,60761.6,60675.9,60756.8,19288435.13450002,2024-08-09 08:22:45.748700,2024-08-09 08:24:45.748700
60756.8,60768.9,60708.4,60753.7,7870318.089499991,2024-08-09 08:24:45.857300,2024-08-09 08:26:45.857300
60753.7,60755.0,60676.0,60682.1,8735082.366799984,2024-08-09 08:26:46.407100,2024-08-09 08:28:46.407100
60682.2,60751.6,60682.1,60729.2,6859931.149500006,2024-08-09 08:28:46.762300,2024-08-09 08:30:46.762300
60729.2,60825.4,60707.3,60820.0,9399502.016899994,2024-08-09 08:30:46.776600,2024-08-09 08:32:46.776600
60820.0,60820.1,60581.1,60606.0,21058505.404499963,2024-08-09 08:32:46.817600,2024-08-09 08:34:46.817600
60606.1,60756.3,60544.2,60745.7,23079507.32790001,2024-08-09 08:34:46.991000,2024-08-09 08:36:46.991000
60745.6,60878.7,60708.5,60827.2,16701256.512700038,2024-08-09 08:36:47.137100,2024-08-09 08:38:47.137100
60827.2,60908.0,60810.6,60862.0,18079936.578899994,2024-08-09 08:38:47.197300,2024-08-09 08:40:47.197300
60862.0,60862.0,60765.7,60845.0,5826229.300800004,2024-08-09 08:40:47.337000,2024-08-09 08:42:47.337000
60845.0,60930.6,60839.3,60890.4,16478006.423400022,2024-08-09 08:42:48.029500,2024-08-09 08:44:48.029500
60890.4,60953.1,60874.0,60907.3,5434030.922099986,2024-08-09 08:44:48.112600,2024-08-09 08:46:48.112600
60907.3,60931.8,60894.8,60922.6,6046098.4861999955,2024-08-09 08:46:48.292800,2024-08-09 08:48:48.292800
60923.5,60960.1,60870.0,60891.0,9900747.934399998,2024-08-09 08:48:48.367000,2024-08-09 08:50:48.367000
60891.0,60943.2,60891.0,60917.0,3161376.467599994,2024-08-09 08:50:48.828600,2024-08-09 08:52:48.828600
60916.9,61000.0,60916.9,60938.9,17903819.69079999,2024-08-09 08:52:48.884700,2024-08-09 08:54:48.884700
60947.2,60947.3,60804.4,60852.1,14051507.669699963,2024-08-09 08:54:49.594000,2024-08-09 08:56:49.594000
60852.1,60872.3,60794.8,60809.1,3880977.0829999973,2024-08-09 08:56:49.811600,2024-08-09 08:58:49.811600
60809.1,60856.9,60784.5,60848.4,4730713.530300001,2024-08-09 08:58:49.987400,2024-08-09 09:00:49.987400
60848.3,60913.4,60846.5,60857.4,3137005.0576999974,2024-08-09 09:00:50.098000,2024-08-09 09:02:50.098000
60857.0,60910.3,60857.0,60901.9,2300634.0433,2024-08-09 09:02:50.586400,2024-08-09 09:04:50.586400
60905.4,60924.2,60873.2,60898.9,4776824.1472000005,2024-08-09 09:04:50.939800,2024-08-09 09:06:50.939800
60898.9,60968.6,60898.9,60928.2,5741409.874299997,2024-08-09 09:06:51.394000,2024-08-09 09:08:51.394000
60928.1,60930.1,60851.9,60879.9,5589771.565500001,2024-08-09 09:08:51.849900,2024-08-09 09:10:51.849900
60879.9,60942.0,60875.3,60922.0,996325.7779000002,2024-08-09 09:10:52.296000,2024-08-09 09:12:52.296000
60922.1,60926.9,60903.7,60915.6,1263959.0471,2024-08-09 09:12:52.525000,2024-08-09 09:14:52.525000
60915.6,60930.0,60867.2,60884.2,2551229.873799998,2024-08-09 09:14:52.709000,2024-08-09 09:16:52.709000
60884.2,60890.0,60855.2,60874.9,1322974.0041000019,2024-08-09 09:16:53.316500,2024-08-09 09:18:53.316500
60875.0,60918.9,60875.0,60894.2,3102148.0510999965,2024-08-09 09:18:53.734700,2024-08-09 09:20:53.734700
60894.2,60894.3,60826.8,60871.4,9481315.276399983,2024-08-09 09:20:55.123400,2024-08-09 09:22:55.123400
60872.4,60908.2,60857.5,60858.0,2900087.6062999964,2024-08-09 09:22:55.196300,2024-08-09 09:24:55.196300
60858.0,60894.2,60858.0,60883.4,862105.6838000003,2024-08-09 09:24:55.658000,2024-08-09 09:26:55.658000
60883.5,60951.0,60883.4,60930.1,11402498.709,2024-08-09 09:26:55.695900,2024-08-09 09:28:55.695900
60930.1,60963.0,60905.9,60921.5,5858776.3462000005,2024-08-09 09:28:56.078900,2024-08-09 09:30:56.078900
60921.5,60970.0,60877.5,60970.0,8334916.531099994,2024-08-09 09:30:56.285200,2024-08-09 09:32:56.285200
60970.0,60996.9,60880.0,60889.1,12408636.858600017,2024-08-09 09:32:56.537400,2024-08-09 09:34:56.537400
60889.0,60930.1,60882.0,60916.5,3940842.250599999,2024-08-09 09:34:56.752400,2024-08-09 09:36:56.752400
60916.5,60916.5,60828.0,60864.3,6159678.5359,2024-08-09 09:36:56.772000,2024-08-09 09:38:56.772000
60864.3,60906.8,60864.2,60900.4,2959280.0279999967,2024-08-09 09:38:57.252500,2024-08-09 09:40:57.252500
60900.5,60915.2,60871.3,60879.3,3720002.8562000054,2024-08-09 09:40:57.395500,2024-08-09 09:42:57.395500
60879.4,60879.4,60828.5,60848.5,3527415.241200001,2024-08-09 09:42:57.435900,2024-08-09 09:44:57.435900
60848.5,60885.0,60802.0,60878.4,5745771.204200007,2024-08-09 09:44:57.619400,2024-08-09 09:46:57.619400
60878.3,60900.0,60834.0,60839.9,4383451.150399997,2024-08-09 09:46:58.636400,2024-08-09 09:48:58.636400
60840.0,60880.5,60830.7,60841.1,2291381.0102000004,2024-08-09 09:48:59.550200,2024-08-09 09:50:59.550200
60841.2,60858.1,60791.6,60836.6,6219334.575399994,2024-08-09 09:51:00.114800,2024-08-09 09:53:00.114800
60836.6,60892.3,60819.9,60828.9,6409441.998099998,2024-08-09 09:53:00.608800,2024-08-09 09:55:00.608800
60828.9,60831.7,60736.2,60816.7,9787017.784400003,2024-08-09 09:55:00.678800,2024-08-09 09:57:00.678800
60816.6,60834.1,60760.1,60770.1,5508176.687899993,2024-08-09 09:57:01.057300,2024-08-09 09:59:01.057300
60771.3,60823.2,60760.1,60802.0,2514099.472300003,2024-08-09 09:59:01.186800,2024-08-09 10:01:01.186800
60802.0,60802.1,60689.3,60749.9,11635951.956300002,2024-08-09 10:01:01.190800,2024-08-09 10:03:01.190800
60749.9,60816.0,60742.2,60805.2,6773876.279999994,2024-08-09 10:03:01.301200,2024-08-09 10:05:01.301200
60805.1,60893.9,60805.1,60884.3,10032310.69450002,2024-08-09 10:05:02.155300,2024-08-09 10:07:02.155300
60884.4,61073.7,60884.4,61012.4,29968166.69320003,2024-08-09 10:07:02.223400,2024-08-09 10:09:02.223400
61012.5,61064.5,60972.5,60972.5,16602478.546400022,2024-08-09 10:09:02.506200,2024-08-09 10:11:02.506200
60970.9,61081.6,60949.8,61070.4,13867169.878299963,2024-08-09 10:11:02.616200,2024-08-09 10:13:02.616200
61070.4,61075.4,61018.0,61067.6,6717501.22779999,2024-08-09 10:13:02.628800,2024-08-09 10:15:02.628800
61067.6,61073.5,60945.5,60962.1,13913311.370100033,2024-08-09 10:15:02.685300,2024-08-09 10:17:02.685300
60969.8,60992.3,60837.0,60899.3,9151484.842800003,2024-08-09 10:17:02.766000,2024-08-09 10:19:02.766000
60899.3,60948.1,60883.8,60897.4,5119065.963400003,2024-08-09 10:19:03.096900,2024-08-09 10:21:03.096900
60897.4,60900.0,60840.4,60892.4,5593849.274100009,2024-08-09 10:21:03.634500,2024-08-09 10:23:03.634500
60892.3,60900.0,60854.7,60875.3,3983522.9897000045,2024-08-09 10:23:03.797900,2024-08-09 10:25:03.797900
60877.2,60920.0,60877.1,60889.2,1843414.6160999986,2024-08-09 10:25:03.994700,2024-08-09 10:27:03.994700
60889.5,60891.0,60855.6,60883.2,2498205.118200001,2024-08-09 10:27:04.454700,2024-08-09 10:29:04.454700
60883.2,60888.2,60844.3,60859.1,2251730.8003,2024-08-09 10:29:05.537900,2024-08-09 10:31:05.537900
60859.1,60910.5,60824.9,60898.3,5379822.102599998,2024-08-09 10:31:05.603900,2024-08-09 10:33:05.603900
60900.3,60946.0,60897.0,60925.6,5539808.851,2024-08-09 10:33:05.616400,2024-08-09 10:35:05.616400
60925.6,60999.8,60921.4,60998.3,3527452.7791999998,2024-08-09 10:35:06.096900,2024-08-09 10:37:06.096900
60998.2,60998.3,60961.2,60990.2,5654674.382100003,2024-08-09 10:37:06.291600,2024-08-09 10:39:06.291600
60990.2,61086.6,60980.5,61083.7,7401641.651899996,2024-08-09 10:39:06.376100,2024-08-09 10:41:06.376100
61083.8,61230.8,61018.5,61031.3,32842304.477199957,2024-08-09 10:41:06.511000,2024-08-09 10:43:06.511000
61031.4,61055.4,60991.0,61055.3,5766872.625900007,2024-08-09 10:43:06.534700,2024-08-09 10:45:06.534700
61055.3,61180.4,61043.8,61149.4,13999863.586800044,2024-08-09 10:45:06.610200,2024-08-09 10:47:06.610200
61149.3,61207.2,61114.8,61184.5,9362530.98680001,2024-08-09 10:47:06.668400,2024-08-09 10:49:06.668400
61184.6,61194.9,61142.0,61143.1,5994206.041000008,2024-08-09 10:49:07.071200,2024-08-09 10:51:07.071200
61143.2,61168.6,61082.0,61086.0,6777001.014699983,2024-08-09 10:51:07.263300,2024-08-09 10:53:07.263300
61086.0,61108.3,61067.1,61088.9,3445983.195000005,2024-08-09 10:53:07.281100,2024-08-09 10:55:07.281100
61088.9,61089.0,60982.0,61044.8,6247738.102899994,2024-08-09 10:55:07.325200,2024-08-09 10:57:07.325200
61045.8,61113.8,61022.0,61094.0,3185269.252200003,2024-08-09 10:57:07.392300,2024-08-09 10:59:07.392300
61090.1,61090.1,60980.1,60990.0,4917370.948400004,2024-08-09 10:59:07.431400,2024-08-09 11:01:07.431400
60990.0,61053.6,60981.9,61001.3,4817322.792699999,2024-08-09 11:01:07.817000,2024-08-09 11:03:07.817000
61001.3,61007.5,60970.2,60970.2,2955059.515100018,2024-08-09 11:03:08.613400,2024-08-09 11:05:08.613400
60970.2,60970.2,60898.8,60907.1,8869242.722500002,2024-08-09 11:05:08.895200,2024-08-09 11:07:08.895200
60907.1,60907.2,60860.4,60868.0,6875185.888599994,2024-08-09 11:07:09.284500,2024-08-09 11:09:09.284500
60868.0,60881.7,60841.5,60847.0,9022606.559399996,2024-08-09 11:09:10.231300,2024-08-09 11:11:10.231300
60847.0,60867.1,60803.9,60824.8,8188494.309600003,2024-08-09 11:11:11.202200,2024-08-09 11:13:11.202200
60824.9,60886.0,60812.9,60870.3,8485041.876899991,2024-08-09 11:13:12.058600,2024-08-09 11:15:12.058600
60873.6,60892.4,60813.5,60813.5,5685540.584500003,2024-08-09 11:15:12.357100,2024-08-09 11:17:12.357100
60813.5,60876.9,60803.7,60848.5,4077048.9361000033,2024-08-09 11:17:12.888700,2024-08-09 11:19:12.888700
60848.4,60870.8,60805.4,60850.0,2729818.074200003,2024-08-09 11:19:14.236700,2024-08-09 11:21:14.236700
60849.9,60854.6,60827.2,60854.5,5249257.051299994,2024-08-09 11:21:14.700900,2024-08-09 11:23:14.700900
60854.5,60854.5,60765.0,60765.0,12051029.54270004,2024-08-09 11:23:16.419600,2024-08-09 11:25:16.419600
60765.1,60785.9,60725.2,60785.8,11561148.313199988,2024-08-09 11:25:17.167000,2024-08-09 11:27:17.167000
60785.9,60838.0,60778.6,60818.5,4353776.750200001,2024-08-09 11:27:17.403500,2024-08-09 11:29:17.403500
60818.4,60883.5,60818.3,60883.5,6044081.167699991,2024-08-09 11:29:17.691500,2024-08-09 11:31:17.691500
60883.5,60889.7,60765.0,60767.7,9319288.098699987,2024-08-09 11:31:17.709900,2024-08-09 11:33:17.709900
60767.8,60802.3,60733.6,60770.0,5449544.657999987,2024-08-09 11:33:17.804100,2024-08-09 11:35:17.804100
60770.0,60770.0,60621.0,60646.2,27161777.623000067,2024-08-09 11:35:18.396100,2024-08-09 11:37:18.396100
60645.1,60720.3,60638.2,60716.5,9753647.85509999,2024-08-09 11:37:18.535300,2024-08-09 11:39:18.535300
60716.5,60747.8,60600.6,60639.0,15273865.501899978,2024-08-09 11:39:18.582600,2024-08-09 11:41:18.582600
60639.1,60649.9,60574.7,60619.8,14846251.80079998,2024-08-09 11:41:18.586700,2024-08-09 11:43:18.586700
60619.9,60657.3,60590.0,60640.6,11187716.925599987,2024-08-09 11:43:19.440700,2024-08-09 11:45:19.440700
60644.5,60694.6,60585.5,60635.9,10941502.262999987,2024-08-09 11:45:19.648000,2024-08-09 11:47:19.648000
60635.9,60783.0,60635.8,60752.7,9309896.4882,2024-08-09 11:47:19.910300,2024-08-09 11:49:19.910300
60754.2,60812.9,60754.2,60775.8,6344116.21310002,2024-08-09 11:49:19.916400,2024-08-09 11:51:19.916400
60775.7,60838.9,60775.7,60810.0,6761342.421600003,2024-08-09 11:51:20.014000,2024-08-09 11:53:20.014000
60810.1,60844.5,60800.0,60800.0,4508452.8105000025,2024-08-09 11:53:20.483100,2024-08-09 11:55:20.483100
60800.0,60913.0,60800.0,60906.0,7797780.935500015,2024-08-09 11:55:20.616900,2024-08-09 11:57:20.616900
60906.0,60969.8,60904.2,60921.0,15922593.033999987,2024-08-09 11:57:20.747300,2024-08-09 11:59:20.747300
60921.0,60969.9,60893.9,60955.1,6988350.472199999,2024-08-09 11:59:20.756100,2024-08-09 12:01:20.756100
60955.1,61056.9,60945.8,61000.0,20722735.207100052,2024-08-09 12:01:21.298500,2024-08-09 12:03:21.298500
61000.0,61029.4,60973.1,60989.7,7107072.596099994,2024-08-09 12:03:21.572300,2024-08-09 12:05:21.572300
60989.7,61012.9,60949.4,60988.6,5229988.483900001,2024-08-09 12:05:22.143700,2024-08-09 12:07:22.143700
60988.5,60996.7,60929.2,60963.2,10052523.463099988,2024-08-09 12:07:22.307800,2024-08-09 12:09:22.307800
60963.2,60969.6,60927.8,60929.0,3519860.7696,2024-08-09 12:09:23.654400,2024-08-09 12:11:23.654400
60929.1,60982.2,60922.0,60970.0,2931479.1992000015,2024-08-09 12:11:23.943500,2024-08-09 12:13:23.943500
60969.9,60988.5,60964.2,60988.4,1604084.2888,2024-08-09 12:13:24.381900,2024-08-09 12:15:24.381900
60988.5,61038.8,60988.4,61013.7,4250278.059900004,2024-08-09 12:15:25.331900,2024-08-09 12:17:25.331900
61013.7,61047.9,61009.0,61023.5,3694352.2180000013,2024-08-09 12:17:26.290400,2024-08-09 12:19:26.290400
61023.5,61029.7,60956.5,61029.6,6486716.132900003,2024-08-09 12:19:26.508200,2024-08-09 12:21:26.508200
61029.6,61035.2,61009.4,61023.3,1969376.2096,2024-08-09 12:21:26.605700,2024-08-09 12:23:26.605700
61023.3,61085.3,61016.2,61076.6,4884688.344399997,2024-08-09 12:23:26.902400,2024-08-09 12:25:26.902400
61076.6,61076.6,60980.1,61019.4,4164652.500799997,2024-08-09 12:25:27.279700,2024-08-09 12:27:27.279700
61021.9,61081.0,61006.3,61078.1,5685021.138899998,2024-08-09 12:27:27.398500,2024-08-09 12:29:27.398500
61078.1,61106.5,61027.8,61103.6,9314598.828099968,2024-08-09 12:29:27.899000,2024-08-09 12:31:27.899000
61103.6,61113.6,61072.4,61080.9,6021532.038699985,2024-08-09 12:31:27.999500,2024-08-09 12:33:27.999500
61083.1,61148.3,61081.6,61145.1,5909706.846800005,2024-08-09 12:33:28.173400,2024-08-09 12:35:28.173400
61145.1,61174.0,61110.6,61143.9,6599754.302599995,2024-08-09 12:35:28.443700,2024-08-09 12:37:28.443700
61144.0,61187.5,61136.4,61160.6,7180176.834399994,2024-08-09 12:37:28.663800,2024-08-09 12:39:28.663800
61160.6,61160.6,61108.0,61129.8,4823054.970900004,2024-08-09 12:39:29.213400,2024-08-09 12:41:29.213400
61129.8,61129.8,60929.2,60975.8,16409218.948300071,2024-08-09 12:41:29.728100,2024-08-09 12:43:29.728100
60975.8,60994.1,60949.0,60970.0,4034298.140399995,2024-08-09 12:43:29.916000,2024-08-09 12:45:29.916000
60969.0,61028.1,60969.0,61028.0,4965327.806600004,2024-08-09 12:45:30.486200,2024-08-09 12:47:30.486200
61028.0,61059.1,61009.8,61019.8,3189945.4865000187,2024-08-09 12:47:30.498500,2024-08-09 12:49:30.498500
61020.3,61028.4,60883.1,60896.9,8006477.464800017,2024-08-09 12:49:31.300900,2024-08-09 12:51:31.300900
60892.6,60930.0,60856.2,60906.8,9390602.52119999,2024-08-09 12:51:31.328500,2024-08-09 12:53:31.328500
60906.9,60929.5,60861.6,60904.3,5859662.319299993,2024-08-09 12:53:33.604000,2024-08-09 12:55:33.604000
60902.7,61011.6,60893.8,60972.0,6534188.212400005,2024-08-09 12:55:33.862000,2024-08-09 12:57:33.862000
60971.9,60983.3,60922.2,60939.0,1710730.2679999985,2024-08-09 12:57:34.330800,2024-08-09 12:59:34.330800
60938.1,60945.7,60849.9,60935.8,6905440.04470001,2024-08-09 12:59:34.479300,2024-08-09 13:01:34.479300
60935.8,60935.9,60865.0,60880.1,1521613.128500001,2024-08-09 13:01:34.550000,2024-08-09 13:03:34.550000
60880.0,60900.0,60850.0,60850.0,3872510.8803999987,2024-08-09 13:03:35.862400,2024-08-09 13:05:35.862400
60850.1,60875.7,60767.2,60772.6,7811662.130399993,2024-08-09 13:05:36.138100,2024-08-09 13:07:36.138100
60772.5,60829.4,60735.0,60789.1,11064382.016699975,2024-08-09 13:07:36.168500,2024-08-09 13:09:36.168500
60790.0,60797.9,60727.1,60756.0,3969438.287399998,2024-08-09 13:09:36.369300,2024-08-09 13:11:36.369300
60756.1,60849.6,60756.1,60810.0,4452487.9198,2024-08-09 13:11:36.464000,2024-08-09 13:13:36.464000
60809.1,60834.7,60777.3,60832.9,3870475.9964000015,2024-08-09 13:13:36.672800,2024-08-09 13:15:36.672800
60832.8,60898.5,60832.8,60862.7,6294678.489199992,2024-08-09 13:15:36.728600,2024-08-09 13:17:36.728600
60862.7,60889.2,60850.0,60864.6,2864972.445199999,2024-08-09 13:17:36.842900,2024-08-09 13:19:36.842900
60864.6,60876.9,60802.9,60808.9,8911948.660399968,2024-08-09 13:19:36.943200,2024-08-09 13:21:36.943200
60809.0,60869.3,60783.6,60801.6,9398222.248900013,2024-08-09 13:21:37.638200,2024-08-09 13:23:37.638200
60802.0,60873.1,60792.2,60796.0,5940225.672199993,2024-08-09 13:23:38.248200,2024-08-09 13:25:38.248200
60796.1,60798.2,60753.4,60753.4,3783452.906800003,2024-08-09 13:25:38.436700,2024-08-09 13:27:38.436700
60753.4,60753.5,60680.5,60733.1,13532306.12230001,2024-08-09 13:27:38.517600,2024-08-09 13:29:38.517600
60736.1,60759.7,60615.0,60630.0,20610289.44890008,2024-08-09 13:29:39.333300,2024-08-09 13:31:39.333300
60630.1,60656.7,60573.8,60611.5,19722666.007599976,2024-08-09 13:31:39.713300,2024-08-09 13:33:39.713300
60611.5,60734.0,60611.5,60729.7,11576037.600699991,2024-08-09 13:33:40.018000,2024-08-09 13:35:40.018000
60729.8,60740.6,60650.8,60717.9,11281903.036299992,2024-08-09 13:35:40.292400,2024-08-09 13:37:40.292400
60718.0,60718.0,60628.4,60675.0,3701333.5473999935,2024-08-09 13:37:40.693800,2024-08-09 13:39:40.693800
60674.9,60724.4,60661.0,60708.8,4418902.271500007,2024-08-09 13:39:41.380700,2024-08-09 13:41:41.380700
60706.0,60738.9,60704.0,60738.9,4346530.8865,2024-08-09 13:41:41.384700,2024-08-09 13:43:41.384700
60738.8,60748.0,60716.6,60716.6,4021686.678999999,2024-08-09 13:43:42.561300,2024-08-09 13:45:42.561300
60716.7,60798.5,60716.6,60793.5,6410525.638499994,2024-08-09 13:45:42.651900,2024-08-09 13:47:42.651900
60793.5,60820.0,60706.1,60707.0,5832147.0373,2024-08-09 13:47:43.228500,2024-08-09 13:49:43.228500
60707.0,60719.0,60186.7,60243.5,111676645.19360143,2024-08-09 13:49:43.582000,2024-08-09 13:51:43.582000
60243.6,60266.2,60129.2,60253.6,58409336.080000155,2024-08-09 13:51:43.593700,2024-08-09 13:53:43.593700
60253.6,60389.9,60195.2,60388.0,24125709.713399984,2024-08-09 13:53:43.601000,2024-08-09 13:55:43.601000
60388.2,60483.1,60304.1,60448.2,19032448.32950004,2024-08-09 13:55:43.636500,2024-08-09 13:57:43.636500
60448.2,60563.9,60448.2,60541.3,21305819.3984,2024-08-09 13:57:43.789900,2024-08-09 13:59:43.789900
60541.4,60692.2,60482.9,60512.8,25594243.935000002,2024-08-09 13:59:43.935900,2024-08-09 14:01:43.935900
60512.7,60676.5,60484.2,60676.5,14065131.370499983,2024-08-09 14:01:43.997400,2024-08-09 14:03:43.997400
60676.5,60729.1,60529.8,60573.3,17419711.84029996,2024-08-09 14:03:44.400300,2024-08-09 14:05:44.400300
60573.3,60573.3,60436.5,60505.9,13185910.97559999,2024-08-09 14:05:45.337300,2024-08-09 14:07:45.337300
60505.8,60580.6,60505.8,60552.2,5523278.813000005,2024-08-09 14:07:45.473600,2024-08-09 14:09:45.473600
60552.3,60574.9,60347.6,60367.4,11333725.429299956,2024-08-09 14:09:45.991200,2024-08-09 14:11:45.991200
60367.4,60376.3,60233.3,60267.3,15384173.409099953,2024-08-09 14:11:46.253900,2024-08-09 14:13:46.253900
60267.4,60423.7,60209.2,60395.4,25164411.210100032,2024-08-09 14:13:46.539900,2024-08-09 14:15:46.539900
60395.4,60466.1,60357.4,60383.8,11518825.202900017,2024-08-09 14:15:47.721100,2024-08-09 14:17:47.721100
60383.7,60523.2,60380.0,60464.3,7858933.247999989,2024-08-09 14:17:48.076500,2024-08-09 14:19:48.076500
60464.3,60522.3,60451.4,60507.9,4850311.8439000035,2024-08-09 14:19:48.217300,2024-08-09 14:21:48.217300
60507.8,60565.7,60507.8,60557.9,7111241.037000011,2024-08-09 14:21:48.599200,2024-08-09 14:23:48.599200
60557.8,60585.0,60515.0,60568.3,11993911.057299985,2024-08-09 14:23:48.639300,2024-08-09 14:25:48.639300
60565.9,60577.6,60497.7,60577.5,5352663.841699988,2024-08-09 14:25:48.652600,2024-08-09 14:27:48.652600
60578.1,60619.8,60564.7,60573.3,4834059.21250001,2024-08-09 14:27:48.848400,2024-08-09 14:29:48.848400
60573.3,60658.5,60565.8,60591.3,7542292.388099984,2024-08-09 14:29:49.809200,2024-08-09 14:31:49.809200
60591.2,60676.5,60570.0,60667.8,5662075.772699996,2024-08-09 14:31:49.910600,2024-08-09 14:33:49.910600
60667.9,60740.0,60644.9,60654.0,9499360.018100038,2024-08-09 14:33:50.146600,2024-08-09 14:35:50.146600
60654.0,60669.7,60602.4,60638.5,6560575.565200011,2024-08-09 14:35:50.215200,2024-08-09 14:37:50.215200
60638.5,60647.9,60610.7,60635.8,2632915.6681,2024-08-09 14:37:51.034300,2024-08-09 14:39:51.034300
60635.9,60647.3,60596.3,60606.1,2355913.5366999987,2024-08-09 14:39:52.153000,2024-08-09 14:41:52.153000
60606.1,60636.7,60568.0,60602.1,3603953.5172000006,2024-08-09 14:41:53.251900,2024-08-09 14:43:53.251900
60602.1,60602.1,60505.1,60519.5,8726680.827600004,2024-08-09 14:43:54.097800,2024-08-09 14:45:54.097800
60519.5,60647.8,60509.0,60647.7,7106188.665099981,2024-08-09 14:45:54.293700,2024-08-09 14:47:54.293700
60647.8,60657.6,60583.8,60625.0,3620589.0059999973,2024-08-09 14:47:54.672700,2024-08-09 14:49:54.672700
60624.9,60769.2,60576.0,60715.7,11618982.895600023,2024-08-09 14:49:54.726800,2024-08-09 14:51:54.726800
60715.7,60762.6,60697.3,60745.0,5869878.329299997,2024-08-09 14:51:54.753100,2024-08-09 14:53:54.753100
60744.9,60745.0,60686.0,60697.1,5354379.140400006,2024-08-09 14:53:54.859700,2024-08-09 14:55:54.859700
60697.2,60741.3,60423.4,60473.2,27155845.982100084,2024-08-09 14:55:54.861900,2024-08-09 14:57:54.861900
60475.0,60504.8,60425.1,60458.0,5770260.663300002,2024-08-09 14:57:55.100700,2024-08-09 14:59:55.100700
60458.0,60495.3,60390.0,60390.0,6704217.1431000065,2024-08-09 14:59:55.150900,2024-08-09 15:01:55.150900
60390.0,60494.0,60329.2,60399.2,10160111.77040002,2024-08-09 15:01:55.337000,2024-08-09 15:03:55.337000
60399.2,60456.7,60378.7,60442.7,6549612.024500002,2024-08-09 15:03:55.398900,2024-08-09 15:05:55.398900
60437.5,60483.6,60400.1,60461.6,4827238.330799997,2024-08-09 15:05:55.455700,2024-08-09 15:07:55.455700
60461.5,60568.1,60456.0,60548.1,6937415.143100002,2024-08-09 15:07:55.679000,2024-08-09 15:09:55.679000
60548.1,60592.5,60500.0,60585.9,4808831.583799995,2024-08-09 15:09:56.284300,2024-08-09 15:11:56.284300
60585.9,60614.6,60551.6,60558.5,7049894.668699995,2024-08-09 15:11:56.468600,2024-08-09 15:13:56.468600
60558.6,60610.0,60550.0,60584.1,3088606.255799996,2024-08-09 15:13:56.593600,2024-08-09 15:15:56.593600
60584.0,60664.9,60584.0,60607.3,3426718.4615000067,2024-08-09 15:15:56.782800,2024-08-09 15:17:56.782800
60607.2,60675.0,60587.7,60608.7,3962975.606000004,2024-08-09 15:17:57.101000,2024-08-09 15:19:57.101000
60608.7,60719.0,60600.9,60703.1,4411874.969100001,2024-08-09 15:19:57.789800,2024-08-09 15:21:57.789800
60703.0,60703.1,60613.1,60616.3,3627160.8647999954,2024-08-09 15:21:58.352700,2024-08-09 15:23:58.352700
60616.3,60644.0,60600.0,60638.0,1970070.0938000013,2024-08-09 15:23:58.750300,2024-08-09 15:25:58.750300
60638.0,60697.7,60630.0,60654.2,3638687.190500002,2024-08-09 15:25:58.815200,2024-08-09 15:27:58.815200
60654.2,60669.6,60624.2,60629.2,2669943.1392000006,2024-08-09 15:27:59.148900,2024-08-09 15:29:59.148900
60629.3,60642.1,60583.7,60619.6,2531707.2499999995,2024-08-09 15:29:59.570200,2024-08-09 15:31:59.570200
60619.5,60644.3,60565.4,60615.7,3997382.152300006,2024-08-09 15:32:01.006400,2024-08-09 15:34:01.006400
60617.5,60630.1,60500.0,60565.5,5545856.938899985,2024-08-09 15:34:01.175500,2024-08-09 15:36:01.175500
60565.5,60647.9,60564.0,60609.4,3765012.555200001,2024-08-09 15:36:01.201800,2024-08-09 15:38:01.201800
60609.3,60666.3,60560.8,60616.6,8855115.548599998,2024-08-09 15:38:01.218000,2024-08-09 15:40:01.218000
60616.6,60662.2,60509.7,60658.1,3124249.825099998,2024-08-09 15:40:01.859900,2024-08-09 15:42:01.859900
60661.8,60671.1,60553.4,60577.1,8234744.836600021,2024-08-09 15:42:02.158600,2024-08-09 15:44:02.158600
60577.2,60693.5,60577.1,60670.5,3988449.141399999,2024-08-09 15:44:02.176200,2024-08-09 15:46:02.176200
60670.5,60765.0,60670.5,60749.5,9355711.791299995,2024-08-09 15:46:02.314800,2024-08-09 15:48:02.314800
60749.6,60782.2,60715.3,60750.7,15321297.481,2024-08-09 15:48:02.354600,2024-08-09 15:50:02.354600
60750.8,60750.8,60663.0,60681.3,4160763.754199998,2024-08-09 15:50:02.702100,2024-08-09 15:52:02.702100
60681.3,60681.3,60450.1,60512.1,18609950.600799985,2024-08-09 15:52:03.296000,2024-08-09 15:54:03.296000
60512.0,60557.9,60450.2,60480.4,11661755.832300048,2024-08-09 15:54:04.123000,2024-08-09 15:56:04.123000
60480.3,60480.3,60350.0,60393.9,12753996.828000046,2024-08-09 15:56:04.327300,2024-08-09 15:58:04.327300
60393.9,60400.0,60353.4,60368.0,5321846.691800003,2024-08-09 15:58:04.426800,2024-08-09 16:00:04.426800
60368.0,60383.3,60266.6,60350.1,16610736.392099995,2024-08-09 16:00:04.771900,2024-08-09 16:02:04.771900
60354.0,60360.0,60280.0,60344.8,5374418.715799998,2024-08-09 16:02:04.907700,2024-08-09 16:04:04.907700
60346.0,60398.8,60287.1,60381.9,5394905.141700002,2024-08-09 16:04:04.945500,2024-08-09 16:06:04.945500
60381.9,60382.0,60183.5,60325.8,18299160.675700005,2024-08-09 16:06:05.235200,2024-08-09 16:08:05.235200
60325.7,60465.0,60325.7,60425.5,10031817.4971,2024-08-09 16:08:05.420300,2024-08-09 16:10:05.420300
60425.4,60494.2,60420.2,60461.1,5436908.663500001,2024-08-09 16:10:05.515700,2024-08-09 16:12:05.515700
60456.3,60467.9,60379.0,60427.8,4432989.008500002,2024-08-09 16:12:06.647500,2024-08-09 16:14:06.647500
60427.7,60521.3,60423.2,60501.1,4924908.108099996,2024-08-09 16:14:07.255700,2024-08-09 16:16:07.255700
60501.1,60509.3,60432.0,60463.6,3622260.5920999944,2024-08-09 16:16:07.268200,2024-08-09 16:18:07.268200
60463.6,60467.9,60426.7,60426.7,1486492.8831000004,2024-08-09 16:18:07.360300,2024-08-09 16:20:07.360300
60426.7,60426.7,60299.7,60381.9,10229652.768599983,2024-08-09 16:20:07.492900,2024-08-09 16:22:07.492900
60381.9,60501.0,60378.3,60419.5,5659040.963900007,2024-08-09 16:22:08.391000,2024-08-09 16:24:08.391000
60419.5,60508.0,60388.3,60501.9,2810347.579300001,2024-08-09 16:24:08.520500,2024-08-09 16:26:08.520500
60502.1,60550.0,60502.1,60527.4,5706432.254400005,2024-08-09 16:26:08.828900,2024-08-09 16:28:08.828900
60527.5,60540.8,60500.0,60506.9,2952970.3013000023,2024-08-09 16:28:08.873600,2024-08-09 16:30:08.873600
60506.8,60561.8,60458.1,60474.4,4158370.5074999966,2024-08-09 16:30:09.476400,2024-08-09 16:32:09.476400
60474.9,60532.0,60435.0,60528.8,4622087.047300003,2024-08-09 16:32:09.872900,2024-08-09 16:34:09.872900
60528.8,60597.9,60528.8,60597.9,6267666.798300003,2024-08-09 16:34:09.875900,2024-08-09 16:36:09.875900
60597.9,60686.9,60588.0,60663.1,9503879.599100005,2024-08-09 16:36:09.937900,2024-08-09 16:38:09.937900
60667.2,60729.5,60643.3,60693.2,13772831.7882,2024-08-09 16:38:10.097900,2024-08-09 16:40:10.097900
60693.3,60693.3,60582.0,60620.0,5827145.9303999925,2024-08-09 16:40:10.202700,2024-08-09 16:42:10.202700
60620.0,60620.0,60413.5,60443.7,12889390.578199998,2024-08-09 16:42:10.295900,2024-08-09 16:44:10.295900
60443.7,60463.2,60250.5,60251.2,21168128.508999705,2024-08-09 16:44:10.456600,2024-08-09 16:46:10.456600
60251.1,60299.1,60202.8,60230.0,26158065.10600004,2024-08-09 16:46:10.485500,2024-08-09 16:48:10.485500
60230.0,60300.0,60169.3,60283.3,14162581.65470002,2024-08-09 16:48:10.802000,2024-08-09 16:50:10.802000
60283.3,60291.6,60180.0,60217.5,23480599.733100034,2024-08-09 16:50:10.837500,2024-08-09 16:52:10.837500
60217.6,60250.0,60151.9,60165.3,10540362.058099978,2024-08-09 16:52:11.420100,2024-08-09 16:54:11.420100
60165.1,60223.6,60140.0,60174.0,10404035.100699997,2024-08-09 16:54:11.733700,2024-08-09 16:56:11.733700
60174.1,60262.0,60169.7,60220.0,12890407.071300019,2024-08-09 16:56:12.582000,2024-08-09 16:58:12.582000
60220.0,60400.0,60220.0,60362.0,18986541.19260007,2024-08-09 16:58:12.941600,2024-08-09 17:00:12.941600
60362.3,60362.3,60145.0,60145.1,15650161.2659,2024-08-09 17:00:13.256900,2024-08-09 17:02:13.256900
60145.0,60345.9,60064.4,60064.4,38344747.6013,2024-08-09 17:02:13.278200,2024-08-09 17:04:13.278200
60064.4,60084.6,59800.3,59904.1,124784080.89359967,2024-08-09 17:04:13.314200,2024-08-09 17:06:13.314200
59904.2,59936.3,59762.0,59835.2,50242300.48599998,2024-08-09 17:06:13.329200,2024-08-09 17:08:13.329200
59835.3,60039.3,59810.1,59847.2,40833719.045899995,2024-08-09 17:08:13.472300,2024-08-09 17:10:13.472300
59850.1,59982.0,59803.3,59968.0,19525342.011900067,2024-08-09 17:10:13.481600,2024-08-09 17:12:13.481600
59968.1,60050.0,59894.0,59979.1,18730849.6844,2024-08-09 17:12:13.496400,2024-08-09 17:14:13.496400
59978.1,60044.9,59893.1,59948.7,12052124.516699977,2024-08-09 17:14:13.716100,2024-08-09 17:16:13.716100
59948.6,60010.1,59890.4,60000.1,9545144.435099982,2024-08-09 17:16:13.764900,2024-08-09 17:18:13.764900
59999.2,60274.0,59954.5,60268.1,35627194.50129986,2024-08-09 17:18:13.784200,2024-08-09 17:20:13.784200
60268.2,60470.0,60194.3,60349.9,44566149.99040009,2024-08-09 17:20:13.830200,2024-08-09 17:22:13.830200
60350.0,60369.9,60243.6,60320.9,24756131.742100056,2024-08-09 17:22:13.881200,2024-08-09 17:24:13.881200
60321.0,60511.8,60292.6,60418.0,24681295.120199926,2024-08-09 17:24:14.436300,2024-08-09 17:26:14.436300
60419.0,60442.0,60314.6,60371.1,12598774.816600015,2024-08-09 17:26:14.509000,2024-08-09 17:28:14.509000
60371.1,60486.5,60371.1,60403.4,10909282.681899985,2024-08-09 17:28:14.615600,2024-08-09 17:30:14.615600
60403.4,60655.7,60403.4,60613.9,29567802.811500058,2024-08-09 17:30:14.647800,2024-08-09 17:32:14.647800
60613.9,60999.0,60548.6,60950.8,76683447.80380021,2024-08-09 17:32:14.725200,2024-08-09 17:34:14.725200
60950.9,61111.1,60828.6,60895.3,145439572.3146002,2024-08-09 17:34:14.730900,2024-08-09 17:36:14.730900
60895.2,60918.1,60685.7,60783.2,43316933.93130031,2024-08-09 17:36:14.789000,2024-08-09 17:38:14.789000
60783.3,60795.7,60414.4,60554.1,68950486.89099997,2024-08-09 17:38:14.909300,2024-08-09 17:40:14.909300
60556.0,60745.0,60547.5,60745.0,23824350.93410003,2024-08-09 17:40:15.159500,2024-08-09 17:42:15.159500
60745.0,60929.2,60702.0,60794.8,41433053.004100114,2024-08-09 17:42:15.257700,2024-08-09 17:44:15.257700
60794.7,60848.6,60708.2,60713.4,17956998.275400028,2024-08-09 17:44:15.379500,2024-08-09 17:46:15.379500
60708.2,60763.1,60528.4,60647.3,19586562.25970002,2024-08-09 17:46:15.676500,2024-08-09 17:48:15.676500
60644.8,60684.6,60490.0,60625.4,19868842.549699992,2024-08-09 17:48:15.683300,2024-08-09 17:50:15.683300
60625.4,60663.1,60572.0,60620.6,7425973.672599999,2024-08-09 17:50:15.725700,2024-08-09 17:52:15.725700
60619.7,60619.7,60351.9,60469.9,25396700.00229999,2024-08-09 17:52:15.728000,2024-08-09 17:54:15.728000
60469.9,60642.8,60337.1,60629.4,36944446.26930012,2024-08-09 17:54:15.758200,2024-08-09 17:56:15.758200
60629.4,60687.1,60399.8,60434.1,19086112.709599968,2024-08-09 17:56:15.893700,2024-08-09 17:58:15.893700
60434.1,60464.5,60275.5,60335.3,37861061.92700024,2024-08-09 17:58:15.972300,2024-08-09 18:00:15.972300
60335.3,60358.2,59917.4,59946.0,87353505.90249972,2024-08-09 18:00:16.005100,2024-08-09 18:02:16.005100
59946.0,59987.9,59602.2,59685.3,120888266.62480016,2024-08-09 18:02:16.046200,2024-08-09 18:04:16.046200
59685.2,59785.3,59488.0,59575.9,86494959.31589946,2024-08-09 18:04:16.086100,2024-08-09 18:06:16.086100
59576.0,59700.0,59569.7,59578.5,43954941.8311002,2024-08-09 18:06:16.086400,2024-08-09 18:08:16.086400
59578.5,59844.4,59520.5,59771.9,34482541.612100214,2024-08-09 18:08:16.104100,2024-08-09 18:10:16.104100
59771.8,59887.7,59684.0,59882.1,26803200.68720006,2024-08-09 18:10:16.162500,2024-08-09 18:12:16.162500
59882.1,59917.1,59730.2,59786.8,25105432.638400003,2024-08-09 18:12:16.171200,2024-08-09 18:14:16.171200
59786.8,59956.5,59761.9,59927.7,24753577.380799986,2024-08-09 18:14:16.181700,2024-08-09 18:16:16.181700
59930.0,60117.3,59855.9,60112.7,38603039.0099001,2024-08-09 18:16:16.192500,2024-08-09 18:18:16.192500
60112.7,60222.0,60082.1,60095.8,35543770.52129995,2024-08-09 18:18:16.240700,2024-08-09 18:20:16.240700
60095.8,60193.6,60040.3,60175.7,25275255.008500025,2024-08-09 18:20:16.339200,2024-08-09 18:22:16.339200
60177.1,60499.6,60176.5,60350.1,52620722.663300075,2024-08-09 18:22:16.556700,2024-08-09 18:24:16.556700
60350.1,60472.0,60340.2,60466.3,19402317.783500068,2024-08-09 18:24:16.682900,2024-08-09 18:26:16.682900
60466.3,60535.2,60435.3,60441.0,25100212.491400003,2024-08-09 18:26:16.696900,2024-08-09 18:28:16.696900
60441.0,60461.9,60269.2,60302.2,31723961.42089999,2024-08-09 18:28:16.782600,2024-08-09 18:30:16.782600
60303.5,60433.6,60289.0,60365.9,19660421.90730005,2024-08-09 18:30:16.784700,2024-08-09 18:32:16.784700
60367.8,60440.0,60320.0,60440.0,6862572.159800007,2024-08-09 18:32:17.018900,2024-08-09 18:34:17.018900
60440.0,60550.8,60418.6,60434.0,21101957.210099917,2024-08-09 18:34:17.052200,2024-08-09 18:36:17.052200
60434.1,60449.9,60342.0,60392.0,10217330.05409999,2024-08-09 18:36:17.052200,2024-08-09 18:38:17.052200
60391.9,60482.0,60325.7,60336.1,17803812.8015,2024-08-09 18:38:17.224700,2024-08-09 18:40:17.224700
60336.1,60336.1,60143.9,60250.0,25182177.537899625,2024-08-09 18:40:17.258900,2024-08-09 18:42:17.258900
60250.0,60255.5,60053.7,60160.0,33770142.138399966,2024-08-09 18:42:17.425700,2024-08-09 18:44:17.425700
60160.0,60361.9,60152.4,60336.4,13446159.875599992,2024-08-09 18:44:17.479600,2024-08-09 18:46:17.479600
60336.9,60367.7,60290.4,60312.9,8152109.698300022,2024-08-09 18:46:17.480300,2024-08-09 18:48:17.480300
60312.9,60339.9,60251.3,60269.5,6577913.216500007,2024-08-09 18:48:17.577100,2024-08-09 18:50:17.577100
60269.6,60290.4,60133.9,60199.9,8509812.881699966,2024-08-09 18:50:17.648700,2024-08-09 18:52:17.648700
60200.0,60350.0,60199.8,60322.3,12631418.362999966,2024-08-09 18:52:17.712700,2024-08-09 18:54:17.712700
60322.3,60383.0,60240.0,60253.8,12487090.738500018,2024-08-09 18:54:17.870300,2024-08-09 18:56:17.870300
60257.8,60329.8,60232.9,60274.6,7293909.136399935,2024-08-09 18:56:17.877000,2024-08-09 18:58:17.877000
60274.6,60279.6,60186.0,60246.7,7297313.333699998,2024-08-09 18:58:17.940000,2024-08-09 19:00:17.940000
60246.7,60290.3,60186.0,60279.4,4378391.157999985,2024-08-09 19:00:18.233300,2024-08-09 19:02:18.233300
60279.3,60325.9,60253.1,60278.2,3830187.335999994,2024-08-09 19:02:18.300200,2024-08-09 19:04:18.300200
60282.6,60320.6,60093.2,60101.9,6589321.864799974,2024-08-09 19:04:18.346200,2024-08-09 19:06:18.346200
60101.9,60129.9,59924.2,59926.1,23766424.551200025,2024-08-09 19:06:18.375300,2024-08-09 19:08:18.375300
59926.0,59998.0,59894.3,59997.8,14830294.190600008,2024-08-09 19:08:18.795200,2024-08-09 19:10:18.795200
59997.9,60027.6,59947.1,59950.0,14759711.529699989,2024-08-09 19:10:19.168100,2024-08-09 19:12:19.168100
59950.1,59971.8,59871.1,59952.3,14699526.915699983,2024-08-09 19:12:19.229300,2024-08-09 19:14:19.229300
59949.9,59963.2,59871.8,59871.8,6775985.538399989,2024-08-09 19:14:19.247100,2024-08-09 19:16:19.247100
59871.9,60021.7,59871.8,59958.9,9763818.356200157,2024-08-09 19:16:19.252400,2024-08-09 19:18:19.252400
59959.0,59992.0,59767.0,59807.2,17608849.483900025,2024-08-09 19:18:19.330100,2024-08-09 19:20:19.330100
59807.1,59905.5,59804.0,59890.3,16667744.24690002,2024-08-09 19:20:19.436500,2024-08-09 19:22:19.436500
59890.4,59960.0,59858.0,59958.2,15058974.279699992,2024-08-09 19:22:19.452400,2024-08-09 19:24:19.452400
59958.1,59958.1,59849.6,59857.2,9728508.200699987,2024-08-09 19:24:19.535500,2024-08-09 19:26:19.535500
59856.0,59866.5,59794.9,59860.5,7231724.1640000325,2024-08-09 19:26:19.536100,2024-08-09 19:28:19.536100
59860.7,59874.8,59753.2,59798.2,11296110.091199994,2024-08-09 19:28:19.736100,2024-08-09 19:30:19.736100
59798.2,59886.2,59782.1,59880.6,17352123.858799998,2024-08-09 19:30:19.857300,2024-08-09 19:32:19.857300
59880.6,59880.6,59718.8,59728.9,16786126.921899997,2024-08-09 19:32:20.508500,2024-08-09 19:34:20.508500
59729.9,59938.8,59680.0,59904.9,41602783.30590036,2024-08-09 19:34:20.509800,2024-08-09 19:36:20.509800
59904.9,59973.3,59892.8,59894.7,13460828.06339998,2024-08-09 19:36:20.521600,2024-08-09 19:38:20.521600
59894.7,59915.3,59792.5,59816.6,5651779.717500006,2024-08-09 19:38:20.677300,2024-08-09 19:40:20.677300
59816.6,59894.1,59792.5,59883.0,9535010.187599998,2024-08-09 19:40:21.098400,2024-08-09 19:42:21.098400
59883.1,59887.9,59800.3,59869.3,4877655.4820000045,2024-08-09 19:42:21.228900,2024-08-09 19:44:21.228900
59869.2,59947.9,59807.0,59833.4,7690100.564800008,2024-08-09 19:44:21.374300,2024-08-09 19:46:21.374300
59833.3,59933.4,59818.6,59926.0,10688290.666999994,2024-08-09 19:46:22.101800,2024-08-09 19:48:22.101800
59926.0,60126.8,59904.9,60122.0,27092097.409800015,2024-08-09 19:48:22.118400,2024-08-09 19:50:22.118400
60121.9,60248.9,60071.2,60071.7,31672828.602199912,2024-08-09 19:50:22.205100,2024-08-09 19:52:22.205100
60071.7,60071.7,59851.2,59886.4,25454299.16640003,2024-08-09 19:52:22.424300,2024-08-09 19:54:22.424300
59881.8,59911.0,59743.9,59896.9,27427489.62999981,2024-08-09 19:54:22.616000,2024-08-09 19:56:22.616000
59897.0,59992.9,59896.9,59981.4,5716154.470500006,2024-08-09 19:56:22.788100,2024-08-09 19:58:22.788100
59977.8,60055.3,59977.8,60050.9,8104597.753500002,2024-08-09 19:58:24.421100,2024-08-09 20:00:24.421100
60050.9,60156.0,60050.9,60062.0,13344901.955400014,2024-08-09 20:00:24.435700,2024-08-09 20:02:24.435700
60065.4,60122.1,60025.5,60051.4,6679317.802499995,2024-08-09 20:02:24.534700,2024-08-09 20:04:24.534700
60053.7,60095.5,59973.3,60055.1,9864245.634199988,2024-08-09 20:04:24.596500,2024-08-09 20:06:24.596500
60054.6,60143.4,60040.2,60143.4,6824690.208600002,2024-08-09 20:06:24.606100,2024-08-09 20:08:24.606100
60143.3,60229.2,60126.0,60177.8,16965032.071199942,2024-08-09 20:08:24.841500,2024-08-09 20:10:24.841500
60178.4,60199.3,60080.8,60088.1,6702335.244299985,2024-08-09 20:10:25.056500,2024-08-09 20:12:25.056500
60088.2,60169.2,60075.2,60113.7,11864198.62300001,2024-08-09 20:12:25.196700,2024-08-09 20:14:25.196700
60115.4,60139.3,60068.8,60107.9,2217467.596900001,2024-08-09 20:14:26.421900,2024-08-09 20:16:26.421900
60109.0,60109.0,59989.5,60013.3,6798487.799299982,2024-08-09 20:16:26.455800,2024-08-09 20:18:26.455800
60013.4,60337.0,60013.4,60318.5,32291314.69120001,2024-08-09 20:18:26.786000,2024-08-09 20:20:26.786000
60318.5,60419.6,60260.2,60410.1,23428187.341999926,2024-08-09 20:20:26.828200,2024-08-09 20:22:26.828200
60410.0,60417.1,60290.0,60303.4,15006740.845199998,2024-08-09 20:22:26.867900,2024-08-09 20:24:26.867900
60301.4,60350.0,60280.6,60331.8,4202165.5983,2024-08-09 20:24:26.879100,2024-08-09 20:26:26.879100
60331.6,60366.1,60296.1,60344.0,6044517.6958000045,2024-08-09 20:26:28.036300,2024-08-09 20:28:28.036300
60344.0,60421.0,60332.0,60376.7,8600597.2669,2024-08-09 20:28:28.289700,2024-08-09 20:30:28.289700
60376.7,60381.4,60310.0,60341.3,12835600.017700013,2024-08-09 20:30:28.556000,2024-08-09 20:32:28.556000
60341.3,60384.1,60287.9,60347.0,12638142.824900001,2024-08-09 20:32:28.779900,2024-08-09 20:34:28.779900
60347.1,60373.1,60314.1,60319.1,6201871.8507999955,2024-08-09 20:34:29.334400,2024-08-09 20:36:29.334400
60319.1,60387.4,60319.1,60368.3,4891966.913000005,2024-08-09 20:36:29.457900,2024-08-09 20:38:29.457900
60367.7,60376.0,60320.2,60373.4,2969828.2462999974,2024-08-09 20:38:29.756200,2024-08-09 20:40:29.756200
60373.5,60384.1,60322.9,60379.1,1633840.876100003,2024-08-09 20:40:29.914300,2024-08-09 20:42:29.914300
60379.0,60532.6,60379.0,60468.0,17976211.309699997,2024-08-09 20:42:29.940200,2024-08-09 20:44:29.940200
60468.1,60714.8,60468.0,60579.9,49750572.62780004,2024-08-09 20:44:30.857100,2024-08-09 20:46:30.857100
60579.9,60619.1,60457.9,60511.8,21601935.25510001,2024-08-09 20:46:31.133300,2024-08-09 20:48:31.133300
60511.7,60524.0,60435.9,60435.9,11894331.41360001,2024-08-09 20:48:31.187900,2024-08-09 20:50:31.187900
60435.9,60442.5,60348.1,60366.8,13084417.112100044,2024-08-09 20:50:31.240700,2024-08-09 20:52:31.240700
60366.8,60400.0,60307.2,60334.4,11041582.977700021,2024-08-09 20:52:31.737000,2024-08-09 20:54:31.737000
60334.4,60422.9,60321.2,60367.8,9428729.820499975,2024-08-09 20:54:31.766300,2024-08-09 20:56:31.766300
60367.8,60367.9,60283.5,60332.3,9403983.461199991,2024-08-09 20:56:32.589700,2024-08-09 20:58:32.589700
60332.3,60429.3,60325.8,60428.7,9105266.0935,2024-08-09 20:58:32.823400,2024-08-09 21:00:32.823400
60428.6,60550.0,60428.6,60510.2,12144285.052900003,2024-08-09 21:00:32.841100,2024-08-09 21:02:32.841100
60510.2,60566.8,60481.2,60495.0,9502209.536299987,2024-08-09 21:02:33.159600,2024-08-09 21:04:33.159600
60494.9,60588.1,60490.4,60586.2,19914556.293700013,2024-08-09 21:04:33.363300,2024-08-09 21:06:33.363300
60586.2,60633.2,60566.0,60622.0,14335687.683200002,2024-08-09 21:06:33.483000,2024-08-09 21:08:33.483000
60622.0,60665.7,60553.5,60595.3,20610155.95980002,2024-08-09 21:08:33.565100,2024-08-09 21:10:33.565100
60595.3,60595.3,60468.8,60473.9,14418463.352699988,2024-08-09 21:10:34.327000,2024-08-09 21:12:34.327000
60473.8,60473.8,60438.0,60439.7,4491530.728700001,2024-08-09 21:12:34.408900,2024-08-09 21:14:34.408900
60439.7,60466.0,60381.0,60384.1,4970440.517500005,2024-08-09 21:14:34.907400,2024-08-09 21:16:34.907400
60384.1,60422.7,60326.7,60337.9,7220805.939300011,2024-08-09 21:16:35.009200,2024-08-09 21:18:35.009200
60338.0,60391.7,60316.8,60345.1,12455929.339300016,2024-08-09 21:18:35.251400,2024-08-09 21:20:35.251400
60345.1,60345.1,60223.8,60334.4,23423725.45749995,2024-08-09 21:20:35.720000,2024-08-09 21:22:35.720000
60331.3,60361.4,60151.8,60157.4,15581778.374900011,2024-08-09 21:22:36.067200,2024-08-09 21:24:36.067200
60157.4,60220.4,60152.9,60172.6,5875461.935000004,2024-08-09 21:24:36.088800,2024-08-09 21:26:36.088800
60172.6,60186.7,60126.0,60159.1,6435708.812100004,2024-08-09 21:26:36.368100,2024-08-09 21:28:36.368100
60159.0,60193.0,60140.1,60177.2,2901189.6732000015,2024-08-09 21:28:36.418200,2024-08-09 21:30:36.418200
60177.1,60268.6,60134.2,60218.2,12481257.187500024,2024-08-09 21:30:36.845800,2024-08-09 21:32:36.845800
60218.3,60262.3,60175.0,60262.3,3686125.913999992,2024-08-09 21:32:36.848000,2024-08-09 21:34:36.848000
60262.3,60277.0,60223.8,60227.5,3845682.486000003,2024-08-09 21:34:37.422200,2024-08-09 21:36:37.422200
60227.6,60283.3,60171.5,60240.0,5672919.38589999,2024-08-09 21:36:37.884500,2024-08-09 21:38:37.884500
60239.9,60307.0,60176.1,60176.1,6743046.30660001,2024-08-09 21:38:39.011500,2024-08-09 21:40:39.011500
60176.3,60199.8,60030.8,60075.5,20071379.28760006,2024-08-09 21:40:39.146000,2024-08-09 21:42:39.146000
60075.4,60087.9,59968.6,60027.1,20526692.372799985,2024-08-09 21:42:39.191600,2024-08-09 21:44:39.191600
60027.9,60099.9,60027.9,60096.7,4750840.208400005,2024-08-09 21:44:39.449900,2024-08-09 21:46:39.449900
60096.7,60133.1,59980.0,59994.0,9423472.54090001,2024-08-09 21:46:40.022500,2024-08-09 21:48:40.022500
59997.4,59997.4,59876.5,59899.9,21096093.82560004,2024-08-09 21:48:40.316100,2024-08-09 21:50:40.316100
59899.9,59940.8,59870.5,59934.1,7052441.070899997,2024-08-09 21:50:40.372100,2024-08-09 21:52:40.372100
59934.0,59934.1,59868.3,59868.3,4083694.1532000005,2024-08-09 21:52:40.621800,2024-08-09 21:54:40.621800
59868.3,59912.4,59811.3,59912.4,18298399.001799993,2024-08-09 21:54:40.625700,2024-08-09 21:56:40.625700
59912.4,60024.8,59906.5,60015.3,11163719.24700001,2024-08-09 21:56:40.625700,2024-08-09 21:58:40.625700
60015.2,60084.8,59997.8,60084.8,8951968.055,2024-08-09 21:58:40.668800,2024-08-09 22:00:40.668800
60084.7,60187.8,60040.0,60105.2,12354309.216000015,2024-08-09 22:00:40.957100,2024-08-09 22:02:40.957100
60105.3,60125.9,60061.2,60068.5,4660509.511199996,2024-08-09 22:02:41.167900,2024-08-09 22:04:41.167900
60068.6,60118.6,60018.6,60118.6,4307913.281800003,2024-08-09 22:04:41.842400,2024-08-09 22:06:41.842400
60118.6,60206.2,60118.0,60183.1,5464795.685900013,2024-08-09 22:06:41.943200,2024-08-09 22:08:41.943200
60183.0,60237.0,60150.0,60194.0,3762009.371999999,2024-08-09 22:08:42.171900,2024-08-09 22:10:42.171900
60196.6,60210.5,60160.0,60160.0,5352571.806600001,2024-08-09 22:10:42.548900,2024-08-09 22:12:42.548900
60160.0,60188.2,60134.1,60167.8,3750638.917799998,2024-08-09 22:12:42.626800,2024-08-09 22:14:42.626800
60169.1,60290.0,60158.7,60283.3,7020418.1173999915,2024-08-09 22:14:42.636100,2024-08-09 22:16:42.636100
60283.3,60354.6,60279.3,60291.5,11726363.892599998,2024-08-09 22:16:42.709000,2024-08-09 22:18:42.709000
60291.5,60300.8,60240.0,60240.0,4299383.5545000015,2024-08-09 22:18:42.747700,2024-08-09 22:20:42.747700
60240.1,60296.0,60180.3,60264.0,6759705.295499998,2024-08-09 22:20:43.218900,2024-08-09 22:22:43.218900
60264.1,60272.0,60193.0,60215.8,2175292.813800002,2024-08-09 22:22:43.664500,2024-08-09 22:24:43.664500
60215.8,60238.3,60180.3,60187.8,2122489.8844999997,2024-08-09 22:24:43.812800,2024-08-09 22:26:43.812800
60187.8,60274.3,60180.3,60259.8,3406640.271100001,2024-08-09 22:26:45.858000,2024-08-09 22:28:45.858000
60259.6,60303.7,60246.0,60264.8,3469620.1418999997,2024-08-09 22:28:46.336000,2024-08-09 22:30:46.336000
60264.7,60264.7,60188.8,60242.1,3218499.5087000015,2024-08-09 22:30:46.829700,2024-08-09 22:32:46.829700
60246.7,60260.3,60187.1,60226.1,4170368.9727000007,2024-08-09 22:32:47.573100,2024-08-09 22:34:47.573100
60222.4,60240.0,60163.0,60167.5,2782395.817900002,2024-08-09 22:34:47.596400,2024-08-09 22:36:47.596400
60167.5,60276.7,60088.6,60260.9,7093749.526500004,2024-08-09 22:36:47.938600,2024-08-09 22:38:47.938600
60263.9,60289.9,60222.1,60273.6,3804090.1448999983,2024-08-09 22:38:48.043900,2024-08-09 22:40:48.043900
60269.3,60448.0,60236.0,60412.9,14676356.412700025,2024-08-09 22:40:48.696700,2024-08-09 22:42:48.696700
60412.9,60431.3,60379.0,60410.8,6569474.670699985,2024-08-09 22:42:48.964000,2024-08-09 22:44:48.964000
60410.8,60476.3,60396.0,60460.4,5649009.7432,2024-08-09 22:44:49.319600,2024-08-09 22:46:49.319600
60456.9,60521.1,60433.0,60473.5,7768832.617200005,2024-08-09 22:46:49.539200,2024-08-09 22:48:49.539200
60473.5,60490.0,60435.4,60435.4,2961638.835299998,2024-08-09 22:48:49.643100,2024-08-09 22:50:49.643100
60435.4,60444.0,60384.8,60406.4,9338419.53489999,2024-08-09 22:50:50.068500,2024-08-09 22:52:50.068500
60406.4,60497.4,60406.4,60469.3,5799897.078400001,2024-08-09 22:52:50.069100,2024-08-09 22:54:50.069100
60469.3,60533.3,60454.6,60533.2,5911735.380400057,2024-08-09 22:54:50.311900,2024-08-09 22:56:50.311900
60533.3,60535.0,60480.4,60523.1,5239778.764500014,2024-08-09 22:56:50.390400,2024-08-09 22:58:50.390400
60523.2,60550.0,60492.3,60492.3,7107088.6669,2024-08-09 22:58:50.512400,2024-08-09 23:00:50.512400
60492.3,60570.9,60492.3,60535.7,7244380.805900001,2024-08-09 23:00:51.027900,2024-08-09 23:02:51.027900
60535.7,60555.8,60469.7,60525.7,3871041.125699998,2024-08-09 23:02:51.566000,2024-08-09 23:04:51.566000
60525.8,60674.1,60525.7,60655.7,12981109.728700032,2024-08-09 23:04:52.105800,2024-08-09 23:06:52.105800
60655.7,60657.7,60555.1,60595.1,7139426.379500006,2024-08-09 23:06:52.323900,2024-08-09 23:08:52.323900
60597.9,60676.8,60594.2,60670.0,8093558.331900003,2024-08-09 23:08:52.430400,2024-08-09 23:10:52.430400
60669.9,60670.0,60594.2,60609.4,5244457.102400001,2024-08-09 23:10:53.122000,2024-08-09 23:12:53.122000
60609.3,60609.4,60425.0,60470.1,13569192.755600074,2024-08-09 23:12:54.010500,2024-08-09 23:14:54.010500
60470.2,60655.1,60454.1,60632.9,12445404.159599993,2024-08-09 23:14:54.227600,2024-08-09 23:16:54.227600
60632.8,60676.4,60622.0,60676.3,4495950.276500006,2024-08-09 23:16:55.437200,2024-08-09 23:18:55.437200
60676.4,60676.4,60596.5,60596.5,5002144.2378000105,2024-08-09 23:18:56.158700,2024-08-09 23:20:56.158700
60596.6,60650.0,60566.2,60614.2,7806301.5616000155,2024-08-09 23:20:56.342600,2024-08-09 23:22:56.342600
60610.2,60624.0,60524.9,60565.3,7091270.222499999,2024-08-09 23:22:56.496000,2024-08-09 23:24:56.496000
60565.3,60670.0,60523.0,60652.6,4580241.499100009,2024-08-09 23:24:56.796800,2024-08-09 23:26:56.796800
60652.6,60728.2,60637.3,60674.1,11351654.159100013,2024-08-09 23:26:58.301200,2024-08-09 23:28:58.301200
60674.0,60689.8,60608.4,60683.8,4584635.220499997,2024-08-09 23:28:59.356700,2024-08-09 23:30:59.356700
60683.7,60694.6,60608.4,60626.9,4196402.564900003,2024-08-09 23:30:59.379000,2024-08-09 23:32:59.379000
60627.0,60650.0,60588.9,60601.0,1799068.605599999,2024-08-09 23:33:00.872200,2024-08-09 23:35:00.872200
60600.0,60634.9,60596.6,60618.1,1969812.4676,2024-08-09 23:35:01.216600,2024-08-09 23:37:01.216600
60618.3,60646.0,60594.3,60646.0,1405326.4622000002,2024-08-09 23:37:01.635700,2024-08-09 23:39:01.635700
60646.1,60720.0,60646.1,60700.0,4572789.543700007,2024-08-09 23:39:01.681700,2024-08-09 23:41:01.681700
60700.1,60760.0,60686.5,60741.1,13008036.58890001,2024-08-09 23:41:02.176200,2024-08-09 23:43:02.176200
60741.1,60843.4,60741.0,60774.9,16504094.492499981,2024-08-09 23:43:02.950600,2024-08-09 23:45:02.950600
60774.9,60914.7,60740.8,60883.0,16374683.61870003,2024-08-09 23:45:03.013500,2024-08-09 23:47:03.013500
60883.0,60970.6,60827.7,60834.0,17676484.396699984,2024-08-09 23:47:03.059500,2024-08-09 23:49:03.059500
60833.9,60833.9,60720.0,60729.9,22559488.519400015,2024-08-09 23:49:03.913000,2024-08-09 23:51:03.913000
60729.9,60732.9,60599.9,60618.1,12555069.647399958,2024-08-09 23:51:03.993200,2024-08-09 23:53:03.993200
60616.3,60650.0,60607.3,60624.9,6268193.109499997,2024-08-09 23:53:03.996200,2024-08-09 23:55:03.996200
60625.0,60737.1,60625.0,60730.0,4874201.7618000135,2024-08-09 23:55:04.294500,2024-08-09 23:57:04.294500
60730.0,60742.9,60704.5,60713.2,2130413.7682999996,2024-08-09 23:57:04.601600,2024-08-09 23:59:04.601600
60717.7,60753.9,60714.0,60753.7,1511229.5507000003,2024-08-09 23:59:06.113300,2024-08-10 00:01:06.113300
60753.8,60800.0,60753.8,60770.7,2358181.2728000022,2024-08-10 00:01:06.537500,2024-08-10 00:03:06.537500
60770.8,60866.0,60770.7,60783.5,8568075.131000008,2024-08-10 00:03:06.934500,2024-08-10 00:05:06.934500
60783.6,60813.0,60759.6,60810.1,4966102.708999992,2024-08-10 00:05:07.525500,2024-08-10 00:07:07.525500
60810.1,60839.9,60720.0,60745.1,7944497.895499984,2024-08-10 00:07:07.945900,2024-08-10 00:09:07.945900
60745.0,60745.1,60631.1,60664.9,8457930.537600018,2024-08-10 00:09:09.402400,2024-08-10 00:11:09.402400
60664.9,60741.6,60654.6,60715.3,3011493.0388999977,2024-08-10 00:11:09.604300,2024-08-10 00:13:09.604300
60715.2,60724.4,60551.3,60582.1,31277347.29219994,2024-08-10 00:13:11.272700,2024-08-10 00:15:11.272700
60582.1,60588.0,60505.2,60521.3,8832413.572600001,2024-08-10 00:15:11.319700,2024-08-10 00:17:11.319700
60520.0,60580.0,60487.6,60563.7,10447430.575999977,2024-08-10 00:17:11.435500,2024-08-10 00:19:11.435500
60563.7,60574.0,60526.1,60573.7,7165733.0123999985,2024-08-10 00:19:11.645500,2024-08-10 00:21:11.645500
60573.7,60578.0,60540.0,60578.0,3753006.784800003,2024-08-10 00:21:11.894600,2024-08-10 00:23:11.894600
60578.0,60752.4,60577.9,60742.9,11295674.372499991,2024-08-10 00:23:13.215100,2024-08-10 00:25:13.215100
60743.0,60776.2,60593.5,60634.3,10177025.70269999,2024-08-10 00:25:13.819500,2024-08-10 00:27:13.819500
60634.3,60703.3,60607.6,60690.1,3841679.9702000027,2024-08-10 00:27:13.880800,2024-08-10 00:29:13.880800
60690.1,60722.3,60645.3,60655.2,6974126.079400036,2024-08-10 00:29:14.905800,2024-08-10 00:31:14.905800
60655.1,60678.6,60564.8,60566.5,6680870.462499991,2024-08-10 00:31:15.072400,2024-08-10 00:33:15.072400
60566.6,60566.6,60020.5,60328.7,59687949.62610018,2024-08-10 00:33:15.347100,2024-08-10 00:35:15.347100
60329.9,60425.9,60059.5,60070.0,31712112.683000058,2024-08-10 00:35:15.477900,2024-08-10 00:37:15.477900
60070.1,60168.0,60070.1,60123.9,40131104.52240002,2024-08-10 00:37:15.592200,2024-08-10 00:39:15.592200
60124.0,60171.2,60054.0,60157.9,19965282.93799997,2024-08-10 00:39:15.697700,2024-08-10 00:41:15.697700
60150.8,60211.1,60075.0,60198.7,24938496.70519989,2024-08-10 00:41:15.933800,2024-08-10 00:43:15.933800
60198.7,60248.9,60093.1,60192.4,18132732.33390001,2024-08-10 00:43:15.986000,2024-08-10 00:45:15.986000
60190.6,60250.0,60140.0,60189.8,14433289.554199995,2024-08-10 00:45:16.047900,2024-08-10 00:47:16.047900
60189.9,60264.6,60006.3,60010.0,21088433.21449999,2024-08-10 00:47:16.723000,2024-08-10 00:49:16.723000
60010.1,60094.3,59891.0,60072.2,35659238.21530004,2024-08-10 00:49:16.746100,2024-08-10 00:51:16.746100
60071.7,60071.7,59957.4,60008.9,8170749.763399993,2024-08-10 00:51:16.796300,2024-08-10 00:53:16.796300
60009.9,60124.7,59978.0,60108.3,10746808.110000031,2024-08-10 00:53:16.826200,2024-08-10 00:55:16.826200
60108.2,60168.7,60108.2,60144.4,5339915.673899999,2024-08-10 00:55:17.312100,2024-08-10 00:57:17.312100
60144.3,60235.5,60137.6,60171.1,5038261.7880000025,2024-08-10 00:57:17.597600,2024-08-10 00:59:17.597600
60171.0,60210.0,60060.5,60120.1,6282721.491499991,2024-08-10 00:59:18.205600,2024-08-10 01:01:18.205600
60120.1,60170.2,60088.3,60128.8,2888243.2341999975,2024-08-10 01:01:18.237700,2024-08-10 01:03:18.237700
60128.9,60165.3,60083.9,60134.0,4076531.2486000005,2024-08-10 01:03:18.492500,2024-08-10 01:05:18.492500
60134.1,60149.5,60090.0,60114.0,5172038.0594,2024-08-10 01:05:19.044500,2024-08-10 01:07:19.044500
60114.0,60210.0,60114.0,60178.5,4474225.017100002,2024-08-10 01:07:19.080500,2024-08-10 01:09:19.080500
60178.5,60251.0,60163.2,60163.2,3828923.7364999983,2024-08-10 01:09:19.528300,2024-08-10 01:11:19.528300
60163.1,60178.7,60144.3,60154.6,5162199.429900003,2024-08-10 01:11:19.732100,2024-08-10 01:13:19.732100
60154.5,60185.9,60123.2,60124.6,3739295.6364999996,2024-08-10 01:13:20.072700,2024-08-10 01:15:20.072700
60122.8,60146.3,60114.1,60114.1,1571197.0763000005,2024-08-10 01:15:20.076300,2024-08-10 01:17:20.076300
60114.2,60174.1,60114.1,60115.7,3656075.2080999957,2024-08-10 01:17:20.970100,2024-08-10 01:19:20.970100
60115.7,60146.2,60102.4,60118.8,5526561.945100001,2024-08-10 01:19:21.101000,2024-08-10 01:21:21.101000
60118.7,60221.8,60118.7,60221.8,9540634.583200011,2024-08-10 01:21:25.553700,2024-08-10 01:23:25.553700
60221.8,60755.7,60211.9,60674.2,64422066.86549989,2024-08-10 01:23:26.038200,2024-08-10 01:25:26.038200
60674.2,60839.9,60543.7,60795.4,45047165.18399992,2024-08-10 01:25:26.085400,2024-08-10 01:27:26.085400
60795.4,60858.1,60720.3,60765.3,29396673.512899954,2024-08-10 01:27:26.408700,2024-08-10 01:29:26.408700
60765.4,60814.1,60701.8,60794.1,13701568.082000004,2024-08-10 01:29:27.005600,2024-08-10 01:31:27.005600
60794.1,60828.7,60740.0,60740.0,10576013.017700003,2024-08-10 01:31:27.577600,2024-08-10 01:33:27.577600
60739.9,60739.9,60464.3,60626.0,50443084.26260007,2024-08-10 01:33:27.676900,2024-08-10 01:35:27.676900
60625.9,60674.0,60494.3,60503.2,16523950.540100032,2024-08-10 01:35:27.738600,2024-08-10 01:37:27.738600
60503.3,60535.8,60299.9,60315.5,34847274.800800085,2024-08-10 01:37:27.940700,2024-08-10 01:39:27.940700
60315.5,60460.0,60310.0,60444.4,15443992.748400029,2024-08-10 01:39:27.988100,2024-08-10 01:41:27.988100
60444.4,60467.8,60253.8,60324.3,11649318.462199992,2024-08-10 01:41:28.399200,2024-08-10 01:43:28.399200
60324.3,60413.2,60284.4,60359.7,12294017.512399971,2024-08-10 01:43:29.286600,2024-08-10 01:45:29.286600
60359.8,60449.0,60350.0,60444.6,3721390.6184000024,2024-08-10 01:45:30.212300,2024-08-10 01:47:30.212300
60439.6,60484.8,60336.5,60389.6,5997648.02030001,2024-08-10 01:47:30.254700,2024-08-10 01:49:30.254700
60389.6,60648.0,60386.2,60614.0,27451561.213599846,2024-08-10 01:49:31.106300,2024-08-10 01:51:31.106300
60614.4,60678.6,60583.7,60650.2,15970487.4503,2024-08-10 01:51:31.865600,2024-08-10 01:53:31.865600
60650.2,60750.0,60641.5,60727.7,13739086.878400007,2024-08-10 01:53:33.739900,2024-08-10 01:55:33.739900
60727.8,60775.3,60689.9,60762.9,13329435.862499982,2024-08-10 01:55:33.747000,2024-08-10 01:57:33.747000
60763.0,60868.4,60760.6,60824.7,10955488.124000007,2024-08-10 01:57:33.757400,2024-08-10 01:59:33.757400
60824.1,60954.5,60819.5,60944.9,18653352.127200004,2024-08-10 01:59:33.950500,2024-08-10 02:01:33.950500
60942.5,60974.1,60687.0,60687.0,30636335.437300105,2024-08-10 02:01:34.003400,2024-08-10 02:03:34.003400
60686.6,60779.4,60616.3,60687.3,17987430.239200044,2024-08-10 02:03:34.037600,2024-08-10 02:05:34.037600
60692.0,60707.0,60545.0,60633.6,13767158.643399978,2024-08-10 02:05:34.141600,2024-08-10 02:07:34.141600
60633.8,60638.7,60580.0,60601.8,6665125.4804000035,2024-08-10 02:07:34.193000,2024-08-10 02:09:34.193000
60601.7,60639.8,60579.9,60617.3,5847947.077400012,2024-08-10 02:09:35.152400,2024-08-10 02:11:35.152400
60617.3,60639.5,60550.0,60594.9,5474120.2647,2024-08-10 02:11:35.256800,2024-08-10 02:13:35.256800
60590.6,60621.4,60566.3,60610.6,1574030.0187,2024-08-10 02:13:37.065800,2024-08-10 02:15:37.065800
60610.5,60610.5,60560.9,60565.4,3148279.5475000003,2024-08-10 02:15:37.198900,2024-08-10 02:17:37.198900
60566.9,60690.0,60542.4,60664.2,4488915.113100002,2024-08-10 02:17:37.453200,2024-08-10 02:19:37.453200
60664.1,60710.4,60628.0,60699.0,8552556.834299987,2024-08-10 02:19:37.805800,2024-08-10 02:21:37.805800
60699.0,60734.3,60670.5,60672.2,5669659.25189999,2024-08-10 02:21:38.150500,2024-08-10 02:23:38.150500
60676.7,60752.8,60650.0,60748.8,4241009.450400008,2024-08-10 02:23:40.755500,2024-08-10 02:25:40.755500
60748.8,60762.0,60734.4,60755.4,1968645.130499999,2024-08-10 02:25:41.785100,2024-08-10 02:27:41.785100
60755.5,60755.5,60718.0,60726.3,2801293.0733999964,2024-08-10 02:27:42.297800,2024-08-10 02:29:42.297800
60726.4,60758.1,60726.4,60744.1,4136013.700699998,2024-08-10 02:29:42.868900,2024-08-10 02:31:42.868900
60744.1,60755.2,60627.0,60657.5,5608274.6204,2024-08-10 02:31:42.995400,2024-08-10 02:33:42.995400
60662.9,60687.5,60588.4,60590.0,8287597.881399976,2024-08-10 02:33:43.180400,2024-08-10 02:35:43.180400
60590.0,60607.0,60539.9,60540.1,2590774.4649999994,2024-08-10 02:35:44.810500,2024-08-10 02:37:44.810500
60540.1,60567.8,60500.1,60523.8,2967754.477899997,2024-08-10 02:37:45.027900,2024-08-10 02:39:45.027900
60523.9,60552.1,60507.3,60533.8,2736690.1382,2024-08-10 02:39:45.100600,2024-08-10 02:41:45.100600
60533.8,60552.2,60532.3,60544.2,1189675.3798000014,2024-08-10 02:41:45.259400,2024-08-10 02:43:45.259400
60544.2,60560.9,60482.1,60510.1,4835839.052499994,2024-08-10 02:43:45.705700,2024-08-10 02:45:45.705700
60510.1,60510.1,60384.6,60433.0,9525870.9459,2024-08-10 02:45:45.745900,2024-08-10 02:47:45.745900
60433.0,60436.0,60330.7,60414.9,15785729.402100004,2024-08-10 02:47:47.206500,2024-08-10 02:49:47.206500
60414.8,60414.9,60304.7,60324.9,8212457.462800011,2024-08-10 02:49:47.263100,2024-08-10 02:51:47.263100
60324.9,60441.6,60323.2,60420.1,5937298.26140001,2024-08-10 02:51:47.606600,2024-08-10 02:53:47.606600
60420.1,60420.1,60367.8,60376.5,2743524.5614999975,2024-08-10 02:53:49.587600,2024-08-10 02:55:49.587600
60376.5,60532.7,60370.2,60524.0,6477748.451399987,2024-08-10 02:55:51.737100,2024-08-10 02:57:51.737100
60523.9,60636.7,60500.4,60591.8,8648767.638700003,2024-08-10 02:57:54.227200,2024-08-10 02:59:54.227200
60591.9,60591.9,60536.4,60541.2,4501151.217100006,2024-08-10 02:59:54.659100,2024-08-10 03:01:54.659100
60541.3,60742.4,60533.9,60742.3,13505351.174400033,2024-08-10 03:01:55.771400,2024-08-10 03:03:55.771400
60742.3,60815.1,60690.0,60724.9,15324081.515500022,2024-08-10 03:03:55.812000,2024-08-10 03:05:55.812000
60729.8,60822.3,60714.2,60819.2,7171336.28340001,2024-08-10 03:05:56.015700,2024-08-10 03:07:56.015700
60819.2,60845.9,60691.4,60703.9,23535287.3135,2024-08-10 03:07:57.010000,2024-08-10 03:09:57.010000
60703.9,60720.2,60624.6,60683.9,6340049.603000002,2024-08-10 03:09:57.032700,2024-08-10 03:11:57.032700
60683.9,60727.3,60661.3,60669.1,3240627.2474999996,2024-08-10 03:11:57.444600,2024-08-10 03:13:57.444600
60669.2,60670.7,60623.2,60642.6,2240545.5421999986,2024-08-10 03:13:57.486900,2024-08-10 03:15:57.486900
60644.2,60671.2,60627.1,60662.3,1643241.6573000003,2024-08-10 03:15:57.573200,2024-08-10 03:17:57.573200
60662.3,60704.3,60623.2,60629.5,2617305.0214999984,2024-08-10 03:17:57.749900,2024-08-10 03:19:57.749900
60629.4,60704.6,60629.4,60671.5,1724104.694499998,2024-08-10 03:19:57.947000,2024-08-10 03:21:57.947000
60671.5,60745.2,60651.8,60745.2,7877297.592799996,2024-08-10 03:21:58.428100,2024-08-10 03:23:58.428100
60745.1,60827.8,60745.1,60827.8,14873125.532400018,2024-08-10 03:23:59.030800,2024-08-10 03:25:59.030800
60827.8,60929.9,60812.7,60857.8,29185065.533400018,2024-08-10 03:25:59.538700,2024-08-10 03:27:59.538700
